Workbook

Sheet Data
A1: Rk | B1: Team | C1: xGF | D1: xGA | E1: PTS% | F1: aGF | G1: aGA | H1: PDO | I1: S | J1: SA | K1: GF−xGF | L1: GA−xGA | M1: xGDiff | N1: Net Luck | O1: Gdiff | P1: Sdiff | Q1: PyThagWin% | R1: Pred PTS% | S1: XGDiffPythag | T1: XGDiffPts% | U1: Residual | V1: Pythag Residual | W1: Xpythag R | X1: XGDiff R | Y1: Py - Xpy | Z1: Std | AA1: League Average
A2: 1 | B2: Colorado Avalanche* | C2: 202.7 | D2: 152.2 | E2: =0.728*100 -> 72.8 | F2: 211 | G2: 126 | H2: 101.7 | I2: 2661 | J2: 2060 | K2: =F2-C2 -> 8.3 | L2: =G2-D2 -> -26.2 | M2: =C2-D2 -> 50.5 | N2: =K2-L2 -> 34.5 | O2: =F2-G2 -> 85 | P2: =I2-J2 -> 601 | Q2: =Table1[[#This Row],[aGF]]^2/(Table1[[#This Row],[aGF]]^2+Table1[[#This Row],[aGA]]^2)*100 -> 73.713926 | R2: =INTERCEPT($E$2:$E$33,$N$2:$N$33)+SLOPE($E$2:$E$33,$N$2:$N$33)*N2 -> 61.917776 | S2: =Table1[[#This Row],[xGF]]^2/(Table1[[#This Row],[xGF]]^2+Table1[[#This Row],[xGA]]^2)*100 -> 63.94697 | T2: =INTERCEPT($E$2:$E$33,$M$2:$M$33)+SLOPE($E$2:$E$33,$M$2:$M$33)*M2 -> 68.413818 | U2: =E2-R2 -> 10.882224 | V2: =Table1[[#This Row],[PTS%]]-Table1[[#This Row],[PyThagWin%]] -> -0.91392619 | W2: =Table1[[#This Row],[PTS%]]-Table1[[#This Row],[XGDiffPythag]] -> 8.8530305 | X2: =Table1[[#This Row],[PTS%]]-Table1[[#This Row],[XGDiffPts%]] -> 4.3861821 | Y2: =Table1[[#This Row],[PyThagWin%]]-Table1[[#This Row],[XGDiffPythag]] -> 9.7669566 | Z2: =ABS(Y2)/Q2 -> 0.13249812 | AA2: xGF | AB2: =AVERAGE(A:A) -> 16.5
A3: 2 | B3: Carolina Hurricanes | C3: 196.4 | D3: 159.3 | E3: =100*0.688 -> 68.8 | F3: 181 | G3: 159 | H3: 98.4 | I3: 2591 | J3: 1908 | K3: =F3-C3 -> -15.4 | L3: =G3-D3 -> -0.3 | M3: =C3-D3 -> 37.1 | N3: =K3-L3 -> -15.1 | O3: =F3-G3 -> 22 | P3: =I3-J3 -> 683 | Q3: =Table1[[#This Row],[aGF]]^2/(Table1[[#This Row],[aGF]]^2+Table1[[#This Row],[aGA]]^2)*100 -> 56.44361 | R3: =INTERCEPT($E$2:$E$33,$N$2:$N$33)+SLOPE($E$2:$E$33,$N$2:$N$33)*N3 -> 53.803793 | S3: =Table1[[#This Row],[xGF]]^2/(Table1[[#This Row],[xGF]]^2+Table1[[#This Row],[xGA]]^2)*100 -> 60.317892 | T3: =INTERCEPT($E$2:$E$33,$M$2:$M$33)+SLOPE($E$2:$E$33,$M$2:$M$33)*M3 -> 65.193223 | U3: =E3-R3 -> 14.996207 | V3: =Table1[[#This Row],[PTS%]]-Table1[[#This Row],[PyThagWin%]] -> 12.35639 | W3: =Table1[[#This Row],[PTS%]]-Table1[[#This Row],[XGDiffPythag]] -> 8.4821083 | X3: =Table1[[#This Row],[PTS%]]-Table1[[#This Row],[XGDiffPts%]] -> 3.6067767 | Y3: =Table1[[#This Row],[PyThagWin%]]-Table1[[#This Row],[XGDiffPythag]] -> -3.8742819 | Z3: =ABS(Y3)/Q3 -> 0.068639868 | AA3: xGA | AB3: =AVERAGE(D2:D33) -> 169.45
A4: 3 | B4: Dallas Stars* | C4: 163.4 | D4: 152 | E4: =100*0.675 -> 67.5 | F4: 163 | G4: 132 | H4: 102.1 | I4: 2014 | J4: 2094 | K4: =F4-C4 -> -0.4 | L4: =G4-D4 -> -20 | M4: =C4-D4 -> 11.4 | N4: =K4-L4 -> 19.6 | O4: =F4-G4 -> 31 | P4: =I4-J4 -> -80 | Q4: =Table1[[#This Row],[aGF]]^2/(Table1[[#This Row],[aGF]]^2+Table1[[#This Row],[aGA]]^2)*100 -> 60.393699 | R4: =INTERCEPT($E$2:$E$33,$N$2:$N$33)+SLOPE($E$2:$E$33,$N$2:$N$33)*N4 -> 59.480309 | S4: =Table1[[#This Row],[xGF]]^2/(Table1[[#This Row],[xGF]]^2+Table1[[#This Row],[xGA]]^2)*100 -> 53.609742 | T4: =INTERCEPT($E$2:$E$33,$M$2:$M$33)+SLOPE($E$2:$E$33,$M$2:$M$33)*M4 -> 59.016411 | U4: =E4-R4 -> 8.0196907 | V4: =Table1[[#This Row],[PTS%]]-Table1[[#This Row],[PyThagWin%]] -> 7.106301 | W4: =Table1[[#This Row],[PTS%]]-Table1[[#This Row],[XGDiffPythag]] -> 13.890258 | X4: =Table1[[#This Row],[PTS%]]-Table1[[#This Row],[XGDiffPts%]] -> 8.4835889 | Y4: =Table1[[#This Row],[PyThagWin%]]-Table1[[#This Row],[XGDiffPythag]] -> 6.783957 | Z4: =ABS(Y4)/Q4 -> 0.11232889 | AA4: PTS% | AB4: =AVERAGE(C:C) -> 169.44375
A5: 4 | B5: Buffalo Sabres | C5: 172 | D5: 179.7 | E5: =100*0.663 -> 66.3 | F5: 186 | G5: 154 | H5: 101.5 | I5: 2257 | J5: 2337 | K5: =F5-C5 -> 14 | L5: =G5-D5 -> -25.7 | M5: =C5-D5 -> -7.7 | N5: =K5-L5 -> 39.7 | O5: =F5-G5 -> 32 | P5: =I5-J5 -> -80 | Q5: =Table1[[#This Row],[aGF]]^2/(Table1[[#This Row],[aGF]]^2+Table1[[#This Row],[aGA]]^2)*100 -> 59.329126 | R5: =INTERCEPT($E$2:$E$33,$N$2:$N$33)+SLOPE($E$2:$E$33,$N$2:$N$33)*N5 -> 62.768435 | S5: =Table1[[#This Row],[xGF]]^2/(Table1[[#This Row],[xGF]]^2+Table1[[#This Row],[xGA]]^2)*100 -> 47.811683 | T5: =INTERCEPT($E$2:$E$33,$M$2:$M$33)+SLOPE($E$2:$E$33,$M$2:$M$33)*M5 -> 54.425862 | U5: =E5-R5 -> 3.5315647 | V5: =Table1[[#This Row],[PTS%]]-Table1[[#This Row],[PyThagWin%]] -> 6.9708739 | W5: =Table1[[#This Row],[PTS%]]-Table1[[#This Row],[XGDiffPythag]] -> 18.488317 | X5: =Table1[[#This Row],[PTS%]]-Table1[[#This Row],[XGDiffPts%]] -> 11.874138 | Y5: =Table1[[#This Row],[PyThagWin%]]-Table1[[#This Row],[XGDiffPythag]] -> 11.517443 | Z5: =ABS(Y5)/Q5 -> 0.19412797 | AA5: GF | AB5: =AVERAGE(D:D) -> 169.45
A6: 5 | B6: Montreal Canadiens | C6: 166.7 | D6: 168.4 | E6: =100*0.654 -> 65.4 | F6: 182 | G6: 158 | H6: 101.6 | I6: 2127 | J6: 2256 | K6: =F6-C6 -> 15.3 | L6: =G6-D6 -> -10.4 | M6: =C6-D6 -> -1.7 | N6: =K6-L6 -> 25.7 | O6: =F6-G6 -> 24 | P6: =I6-J6 -> -129 | Q6: =Table1[[#This Row],[aGF]]^2/(Table1[[#This Row],[aGF]]^2+Table1[[#This Row],[aGA]]^2)*100 -> 57.023826 | R6: =INTERCEPT($E$2:$E$33,$N$2:$N$33)+SLOPE($E$2:$E$33,$N$2:$N$33)*N6 -> 60.478198 | S6: =Table1[[#This Row],[xGF]]^2/(Table1[[#This Row],[xGF]]^2+Table1[[#This Row],[xGA]]^2)*100 -> 49.492702 | T6: =INTERCEPT($E$2:$E$33,$M$2:$M$33)+SLOPE($E$2:$E$33,$M$2:$M$33)*M6 -> 55.867919 | U6: =E6-R6 -> 4.9218017 | V6: =Table1[[#This Row],[PTS%]]-Table1[[#This Row],[PyThagWin%]] -> 8.3761741 | W6: =Table1[[#This Row],[PTS%]]-Table1[[#This Row],[XGDiffPythag]] -> 15.907298 | X6: =Table1[[#This Row],[PTS%]]-Table1[[#This Row],[XGDiffPts%]] -> 9.5320808 | Y6: =Table1[[#This Row],[PyThagWin%]]-Table1[[#This Row],[XGDiffPythag]] -> 7.5311241 | Z6: =ABS(Y6)/Q6 -> 0.13206978 | AA6: GA | AB6: =AVERAGE(E:E) -> 56.275
A7: 6 | B7: Tampa Bay Lightning | C7: 179.3 | D7: 160.3 | E7: =100*0.65 -> 65 | F7: 190 | G7: 146 | H7: 101.7 | I7: 2252 | J7: 2137 | K7: =F7-C7 -> 10.7 | L7: =G7-D7 -> -14.3 | M7: =C7-D7 -> 19 | N7: =K7-L7 -> 25 | O7: =F7-G7 -> 44 | P7: =I7-J7 -> 115 | Q7: =Table1[[#This Row],[aGF]]^2/(Table1[[#This Row],[aGF]]^2+Table1[[#This Row],[aGA]]^2)*100 -> 62.87446 | R7: =INTERCEPT($E$2:$E$33,$N$2:$N$33)+SLOPE($E$2:$E$33,$N$2:$N$33)*N7 -> 60.363686 | S7: =Table1[[#This Row],[xGF]]^2/(Table1[[#This Row],[xGF]]^2+Table1[[#This Row],[xGA]]^2)*100 -> 55.577359 | T7: =INTERCEPT($E$2:$E$33,$M$2:$M$33)+SLOPE($E$2:$E$33,$M$2:$M$33)*M7 -> 60.843017 | U7: =E7-R7 -> 4.6363136 | V7: =Table1[[#This Row],[PTS%]]-Table1[[#This Row],[PyThagWin%]] -> 2.1255399 | W7: =Table1[[#This Row],[PTS%]]-Table1[[#This Row],[XGDiffPythag]] -> 9.4226408 | X7: =Table1[[#This Row],[PTS%]]-Table1[[#This Row],[XGDiffPts%]] -> 4.156983 | Y7: =Table1[[#This Row],[PyThagWin%]]-Table1[[#This Row],[XGDiffPythag]] -> 7.2971009 | Z7: =ABS(Y7)/Q7 -> 0.11605827 | AA7: PDO | AB7: =AVERAGE(F:F) -> 163.28125
A8: 7 | B8: Minnesota Wild* | C8: 171.6 | D8: 176.2 | E8: =100*0.638 -> 63.8 | F8: 164 | G8: 153 | H8: 100.7 | I8: 2342 | J8: 2351 | K8: =F8-C8 -> -7.6 | L8: =G8-D8 -> -23.2 | M8: =C8-D8 -> -4.6 | N8: =K8-L8 -> 15.6 | O8: =F8-G8 -> 11 | P8: =I8-J8 -> -9 | Q8: =Table1[[#This Row],[aGF]]^2/(Table1[[#This Row],[aGF]]^2+Table1[[#This Row],[aGA]]^2)*100 -> 53.465858 | R8: =INTERCEPT($E$2:$E$33,$N$2:$N$33)+SLOPE($E$2:$E$33,$N$2:$N$33)*N8 -> 58.825956 | S8: =Table1[[#This Row],[xGF]]^2/(Table1[[#This Row],[xGF]]^2+Table1[[#This Row],[xGA]]^2)*100 -> 48.677632 | T8: =INTERCEPT($E$2:$E$33,$M$2:$M$33)+SLOPE($E$2:$E$33,$M$2:$M$33)*M8 -> 55.170925 | U8: =E8-R8 -> 4.9740441 | V8: =Table1[[#This Row],[PTS%]]-Table1[[#This Row],[PyThagWin%]] -> 10.334142 | W8: =Table1[[#This Row],[PTS%]]-Table1[[#This Row],[XGDiffPythag]] -> 15.122368 | X8: =Table1[[#This Row],[PTS%]]-Table1[[#This Row],[XGDiffPts%]] -> 8.6290751 | Y8: =Table1[[#This Row],[PyThagWin%]]-Table1[[#This Row],[XGDiffPythag]] -> 4.7882261 | Z8: =ABS(Y8)/Q8 -> 0.089556706 | AA8: S | AB8: =AVERAGE(G:G) -> 163.28125
A9: 8 | B9: Boston Bruins | C9: 154.4 | D9: 178.9 | E9: =100*0.605 -> 60.5 | F9: 178 | G9: 150 | H9: 101.7 | I9: 2190 | J9: 2414 | K9: =F9-C9 -> 23.6 | L9: =G9-D9 -> -28.9 | M9: =C9-D9 -> -24.5 | N9: =K9-L9 -> 52.5 | O9: =F9-G9 -> 28 | P9: =I9-J9 -> -224 | Q9: =Table1[[#This Row],[aGF]]^2/(Table1[[#This Row],[aGF]]^2+Table1[[#This Row],[aGA]]^2)*100 -> 58.474827 | R9: =INTERCEPT($E$2:$E$33,$N$2:$N$33)+SLOPE($E$2:$E$33,$N$2:$N$33)*N9 -> 64.862366 | S9: =Table1[[#This Row],[xGF]]^2/(Table1[[#This Row],[xGF]]^2+Table1[[#This Row],[xGA]]^2)*100 -> 42.68877 | T9: =INTERCEPT($E$2:$E$33,$M$2:$M$33)+SLOPE($E$2:$E$33,$M$2:$M$33)*M9 -> 50.388101 | U9: =E9-R9 -> -4.3623662 | V9: =Table1[[#This Row],[PTS%]]-Table1[[#This Row],[PyThagWin%]] -> 2.0251735 | W9: =Table1[[#This Row],[PTS%]]-Table1[[#This Row],[XGDiffPythag]] -> 17.81123 | X9: =Table1[[#This Row],[PTS%]]-Table1[[#This Row],[XGDiffPts%]] -> 10.111899 | Y9: =Table1[[#This Row],[PyThagWin%]]-Table1[[#This Row],[XGDiffPythag]] -> 15.786057 | Z9: =ABS(Y9)/Q9 -> 0.26996329 | AA9: SA | AB9: =AVERAGE(H:H) -> 100.00312
A10: 9 | B10: Pittsburgh Penguins | C10: 195.2 | D10: 176.6 | E10: =100*0.605 -> 60.5 | F10: 196 | G10: 168 | H10: 101 | I10: 2320 | J10: 2213 | K10: =F10-C10 -> 0.8 | L10: =G10-D10 -> -8.6 | M10: =C10-D10 -> 18.6 | N10: =K10-L10 -> 9.4 | O10: =F10-G10 -> 28 | P10: =I10-J10 -> 107 | Q10: =Table1[[#This Row],[aGF]]^2/(Table1[[#This Row],[aGF]]^2+Table1[[#This Row],[aGA]]^2)*100 -> 57.647059 | R10: =INTERCEPT($E$2:$E$33,$N$2:$N$33)+SLOPE($E$2:$E$33,$N$2:$N$33)*N10 -> 57.811708 | S10: =Table1[[#This Row],[xGF]]^2/(Table1[[#This Row],[xGF]]^2+Table1[[#This Row],[xGA]]^2)*100 -> 54.990201 | T10: =INTERCEPT($E$2:$E$33,$M$2:$M$33)+SLOPE($E$2:$E$33,$M$2:$M$33)*M10 -> 60.74688 | U10: =E10-R10 -> 2.6882919 | V10: =Table1[[#This Row],[PTS%]]-Table1[[#This Row],[PyThagWin%]] -> 2.8529412 | W10: =Table1[[#This Row],[PTS%]]-Table1[[#This Row],[XGDiffPythag]] -> 5.5097993 | X10: =Table1[[#This Row],[PTS%]]-Table1[[#This Row],[XGDiffPts%]] -> -0.24687984 | Y10: =Table1[[#This Row],[PyThagWin%]]-Table1[[#This Row],[XGDiffPythag]] -> 2.6568581 | Z10: =ABS(Y10)/Q10 -> 0.046088355 | AA10: GF−xGF | AB10: =AVERAGE(K:K) -> -6.1625
A11: 10 | B11: Ottawa Senators | C11: 180.1 | D11: 144.3 | E11: =100*0.599 -> 59.9 | F11: 179 | G11: 162 | H11: 99.5 | I11: 2331 | J11: 1980 | K11: =F11-C11 -> -1.1 | L11: =G11-D11 -> 17.7 | M11: =C11-D11 -> 35.8 | N11: =K11-L11 -> -18.8 | O11: =F11-G11 -> 17 | P11: =I11-J11 -> 351 | Q11: =Table1[[#This Row],[aGF]]^2/(Table1[[#This Row],[aGF]]^2+Table1[[#This Row],[aGA]]^2)*100 -> 54.972978 | R11: =INTERCEPT($E$2:$E$33,$N$2:$N$33)+SLOPE($E$2:$E$33,$N$2:$N$33)*N11 -> 53.198517 | S11: =Table1[[#This Row],[xGF]]^2/(Table1[[#This Row],[xGF]]^2+Table1[[#This Row],[xGA]]^2)*100 -> 60.902973 | T11: =INTERCEPT($E$2:$E$33,$M$2:$M$33)+SLOPE($E$2:$E$33,$M$2:$M$33)*M11 -> 64.880777 | U11: =E11-R11 -> 6.7014835 | V11: =Table1[[#This Row],[PTS%]]-Table1[[#This Row],[PyThagWin%]] -> 4.9270224 | W11: =Table1[[#This Row],[PTS%]]-Table1[[#This Row],[XGDiffPythag]] -> -1.0029732 | X11: =Table1[[#This Row],[PTS%]]-Table1[[#This Row],[XGDiffPts%]] -> -4.9807775 | Y11: =Table1[[#This Row],[PyThagWin%]]-Table1[[#This Row],[XGDiffPythag]] -> -5.9299956 | Z11: =ABS(Y11)/Q11 -> 0.1078711 | AA11: GA−xGA | AB11: =AVERAGE(L:L) -> -6.16875
A12: 11 | B12: Philadelphia Flyers | C12: 159.9 | D12: 144.4 | E12: =100*0.588 -> 58.8 | F12: 158 | G12: 146 | H12: 100.6 | I12: 2040 | J12: 2032 | K12: =F12-C12 -> -1.9 | L12: =G12-D12 -> 1.6 | M12: =C12-D12 -> 15.5 | N12: =K12-L12 -> -3.5 | O12: =F12-G12 -> 12 | P12: =I12-J12 -> 8 | Q12: =Table1[[#This Row],[aGF]]^2/(Table1[[#This Row],[aGF]]^2+Table1[[#This Row],[aGA]]^2)*100 -> 53.941227 | R12: =INTERCEPT($E$2:$E$33,$N$2:$N$33)+SLOPE($E$2:$E$33,$N$2:$N$33)*N12 -> 55.701418 | S12: =Table1[[#This Row],[xGF]]^2/(Table1[[#This Row],[xGF]]^2+Table1[[#This Row],[xGA]]^2)*100 -> 55.080476 | T12: =INTERCEPT($E$2:$E$33,$M$2:$M$33)+SLOPE($E$2:$E$33,$M$2:$M$33)*M12 -> 60.001817 | U12: =E12-R12 -> 3.0985817 | V12: =Table1[[#This Row],[PTS%]]-Table1[[#This Row],[PyThagWin%]] -> 4.8587727 | W12: =Table1[[#This Row],[PTS%]]-Table1[[#This Row],[XGDiffPythag]] -> 3.7195239 | X12: =Table1[[#This Row],[PTS%]]-Table1[[#This Row],[XGDiffPts%]] -> -1.2018169 | Y12: =Table1[[#This Row],[PyThagWin%]]-Table1[[#This Row],[XGDiffPythag]] -> -1.1392488 | Z12: =ABS(Y12)/Q12 -> 0.021120187 | AA12: xGDiff | AB12: =AVERAGE(M:M) -> -0.00625
A13: 12 | B13: Washington Capitals | C13: 173.8 | D13: 169.3 | E13: =100*0.574 -> 57.4 | F13: 178 | G13: 146 | H13: 101.5 | I13: 2276 | J13: 2280 | K13: =F13-C13 -> 4.2 | L13: =G13-D13 -> -23.3 | M13: =C13-D13 -> 4.5 | N13: =K13-L13 -> 27.5 | O13: =F13-G13 -> 32 | P13: =I13-J13 -> -4 | Q13: =Table1[[#This Row],[aGF]]^2/(Table1[[#This Row],[aGF]]^2+Table1[[#This Row],[aGA]]^2)*100 -> 59.781132 | R13: =INTERCEPT($E$2:$E$33,$N$2:$N$33)+SLOPE($E$2:$E$33,$N$2:$N$33)*N13 -> 60.772657 | S13: =Table1[[#This Row],[xGF]]^2/(Table1[[#This Row],[xGF]]^2+Table1[[#This Row],[xGA]]^2)*100 -> 51.311345 | T13: =INTERCEPT($E$2:$E$33,$M$2:$M$33)+SLOPE($E$2:$E$33,$M$2:$M$33)*M13 -> 57.358045 | U13: =E13-R13 -> -3.3726573 | V13: =Table1[[#This Row],[PTS%]]-Table1[[#This Row],[PyThagWin%]] -> -2.3811321 | W13: =Table1[[#This Row],[PTS%]]-Table1[[#This Row],[XGDiffPythag]] -> 6.0886546 | X13: =Table1[[#This Row],[PTS%]]-Table1[[#This Row],[XGDiffPts%]] -> 0.041954865 | Y13: =Table1[[#This Row],[PyThagWin%]]-Table1[[#This Row],[XGDiffPythag]] -> 8.4697867 | Z13: =ABS(Y13)/Q13 -> 0.14167993 | AA13: Net Luck | AB13: =AVERAGE(N:N) -> 0.00625
A14: 13 | B14: Columbus Blue Jackets | C14: 180.4 | D14: 177.5 | E14: =100*0.568 -> 56.8 | F14: 173 | G14: 161 | H14: 100.3 | I14: 2382 | J14: 2341 | K14: =F14-C14 -> -7.4 | L14: =G14-D14 -> -16.5 | M14: =C14-D14 -> 2.9 | N14: =K14-L14 -> 9.1 | O14: =F14-G14 -> 12 | P14: =I14-J14 -> 41 | Q14: =Table1[[#This Row],[aGF]]^2/(Table1[[#This Row],[aGF]]^2+Table1[[#This Row],[aGA]]^2)*100 -> 53.588183 | R14: =INTERCEPT($E$2:$E$33,$N$2:$N$33)+SLOPE($E$2:$E$33,$N$2:$N$33)*N14 -> 57.762632 | S14: =Table1[[#This Row],[xGF]]^2/(Table1[[#This Row],[xGF]]^2+Table1[[#This Row],[xGA]]^2)*100 -> 50.810229 | T14: =INTERCEPT($E$2:$E$33,$M$2:$M$33)+SLOPE($E$2:$E$33,$M$2:$M$33)*M14 -> 56.973497 | U14: =E14-R14 -> -0.9626316 | V14: =Table1[[#This Row],[PTS%]]-Table1[[#This Row],[PyThagWin%]] -> 3.2118174 | W14: =Table1[[#This Row],[PTS%]]-Table1[[#This Row],[XGDiffPythag]] -> 5.989771 | X14: =Table1[[#This Row],[PTS%]]-Table1[[#This Row],[XGDiffPts%]] -> -0.17349652 | Y14: =Table1[[#This Row],[PyThagWin%]]-Table1[[#This Row],[XGDiffPythag]] -> 2.7779536 | Z14: =ABS(Y14)/Q14 -> 0.051838922 | AA14: Gdiff | AB14: =AVERAGE(O:O) -> 0
A15: 14 | B15: New York Islanders | C15: 167.4 | D15: 181 | E15: =100*0.562 -> 56.2 | F15: 145 | G15: 157 | H15: 99.5 | I15: 2278 | J15: 2249 | K15: =F15-C15 -> -22.4 | L15: =G15-D15 -> -24 | M15: =C15-D15 -> -13.6 | N15: =K15-L15 -> 1.6 | O15: =F15-G15 -> -12 | P15: =I15-J15 -> 29 | Q15: =Table1[[#This Row],[aGF]]^2/(Table1[[#This Row],[aGF]]^2+Table1[[#This Row],[aGA]]^2)*100 -> 46.032754 | R15: =INTERCEPT($E$2:$E$33,$N$2:$N$33)+SLOPE($E$2:$E$33,$N$2:$N$33)*N15 -> 56.535719 | S15: =Table1[[#This Row],[xGF]]^2/(Table1[[#This Row],[xGF]]^2+Table1[[#This Row],[xGA]]^2)*100 -> 46.10238 | T15: =INTERCEPT($E$2:$E$33,$M$2:$M$33)+SLOPE($E$2:$E$33,$M$2:$M$33)*M15 -> 53.007839 | U15: =E15-R15 -> -0.33571894 | V15: =Table1[[#This Row],[PTS%]]-Table1[[#This Row],[PyThagWin%]] -> 10.167246 | W15: =Table1[[#This Row],[PTS%]]-Table1[[#This Row],[XGDiffPythag]] -> 10.09762 | X15: =Table1[[#This Row],[PTS%]]-Table1[[#This Row],[XGDiffPts%]] -> 3.1921611 | Y15: =Table1[[#This Row],[PyThagWin%]]-Table1[[#This Row],[XGDiffPythag]] -> -0.069626113 | Z15: =ABS(Y15)/Q15 -> 0.0015125342 | AA15: Sdiff | AB15: =AVERAGE(P:P) -> 0
A16: 15 | B16: Detroit Red Wings | C16: 166.1 | D16: 168 | E16: =100*0.569 -> 56.9 | F16: 139 | G16: 159 | H16: 99.1 | I16: 2258 | J16: 2225 | K16: =F16-C16 -> -27.1 | L16: =G16-D16 -> -9 | M16: =C16-D16 -> -1.9 | N16: =K16-L16 -> -18.1 | O16: =F16-G16 -> -20 | P16: =I16-J16 -> 33 | Q16: =Table1[[#This Row],[aGF]]^2/(Table1[[#This Row],[aGF]]^2+Table1[[#This Row],[aGA]]^2)*100 -> 43.318685 | R16: =INTERCEPT($E$2:$E$33,$N$2:$N$33)+SLOPE($E$2:$E$33,$N$2:$N$33)*N16 -> 53.313028 | S16: =Table1[[#This Row],[xGF]]^2/(Table1[[#This Row],[xGF]]^2+Table1[[#This Row],[xGA]]^2)*100 -> 49.431326 | T16: =INTERCEPT($E$2:$E$33,$M$2:$M$33)+SLOPE($E$2:$E$33,$M$2:$M$33)*M16 -> 55.819851 | U16: =E16-R16 -> 3.5869716 | V16: =Table1[[#This Row],[PTS%]]-Table1[[#This Row],[PyThagWin%]] -> 13.581315 | W16: =Table1[[#This Row],[PTS%]]-Table1[[#This Row],[XGDiffPythag]] -> 7.4686736 | X16: =Table1[[#This Row],[PTS%]]-Table1[[#This Row],[XGDiffPts%]] -> 1.0801493 | Y16: =Table1[[#This Row],[PyThagWin%]]-Table1[[#This Row],[XGDiffPythag]] -> -6.1126411 | Z16: =ABS(Y16)/Q16 -> 0.14110865
A17: 16 | B17: Vegas Golden Knights | C17: 176.5 | D17: 144.4 | E17: =100*0.569 -> 56.9 | F17: 168 | G17: 170 | H17: 98.3 | I17: 2313 | J17: 1953 | K17: =F17-C17 -> -8.5 | L17: =G17-D17 -> 25.6 | M17: =C17-D17 -> 32.1 | N17: =K17-L17 -> -34.1 | O17: =F17-G17 -> -2 | P17: =I17-J17 -> 360 | Q17: =Table1[[#This Row],[aGF]]^2/(Table1[[#This Row],[aGF]]^2+Table1[[#This Row],[aGA]]^2)*100 -> 49.408305 | R17: =INTERCEPT($E$2:$E$33,$N$2:$N$33)+SLOPE($E$2:$E$33,$N$2:$N$33)*N17 -> 50.695615 | S17: =Table1[[#This Row],[xGF]]^2/(Table1[[#This Row],[xGF]]^2+Table1[[#This Row],[xGA]]^2)*100 -> 59.904014 | T17: =INTERCEPT($E$2:$E$33,$M$2:$M$33)+SLOPE($E$2:$E$33,$M$2:$M$33)*M17 -> 63.991509 | U17: =E17-R17 -> 6.2043853 | V17: =Table1[[#This Row],[PTS%]]-Table1[[#This Row],[PyThagWin%]] -> 7.4916953 | W17: =Table1[[#This Row],[PTS%]]-Table1[[#This Row],[XGDiffPythag]] -> -3.0040144 | X17: =Table1[[#This Row],[PTS%]]-Table1[[#This Row],[XGDiffPts%]] -> -7.0915088 | Y17: =Table1[[#This Row],[PyThagWin%]]-Table1[[#This Row],[XGDiffPythag]] -> -10.49571 | Z17: =ABS(Y17)/Q17 -> 0.21242805
A18: 17 | B18: Edmonton Oilers | C18: 186.6 | D18: 170.3 | E18: =100*0.563 -> 56.3 | F18: 170 | G18: 186 | H18: 98.4 | I18: 2373 | J18: 2144 | K18: =F18-C18 -> -16.6 | L18: =G18-D18 -> 15.7 | M18: =C18-D18 -> 16.3 | N18: =K18-L18 -> -32.3 | O18: =F18-G18 -> -16 | P18: =I18-J18 -> 229 | Q18: =Table1[[#This Row],[aGF]]^2/(Table1[[#This Row],[aGF]]^2+Table1[[#This Row],[aGA]]^2)*100 -> 45.514678 | R18: =INTERCEPT($E$2:$E$33,$N$2:$N$33)+SLOPE($E$2:$E$33,$N$2:$N$33)*N18 -> 50.990074 | S18: =Table1[[#This Row],[xGF]]^2/(Table1[[#This Row],[xGF]]^2+Table1[[#This Row],[xGA]]^2)*100 -> 54.557599 | T18: =INTERCEPT($E$2:$E$33,$M$2:$M$33)+SLOPE($E$2:$E$33,$M$2:$M$33)*M18 -> 60.194091 | U18: =E18-R18 -> 5.3099263 | V18: =Table1[[#This Row],[PTS%]]-Table1[[#This Row],[PyThagWin%]] -> 10.785322 | W18: =Table1[[#This Row],[PTS%]]-Table1[[#This Row],[XGDiffPythag]] -> 1.7424008 | X18: =Table1[[#This Row],[PTS%]]-Table1[[#This Row],[XGDiffPts%]] -> -3.8940912 | Y18: =Table1[[#This Row],[PyThagWin%]]-Table1[[#This Row],[XGDiffPythag]] -> -9.0429211 | Z18: =ABS(Y18)/Q18 -> 0.19868142
A19: 18 | B19: Anaheim Ducks | C19: 179.9 | D19: 176 | E19: =100*0.563 -> 56.3 | F19: 167 | G19: 185 | H19: 98.6 | I19: 2449 | J19: 2285 | K19: =F19-C19 -> -12.9 | L19: =G19-D19 -> 9 | M19: =C19-D19 -> 3.9 | N19: =K19-L19 -> -21.9 | O19: =F19-G19 -> -18 | P19: =I19-J19 -> 164 | Q19: =Table1[[#This Row],[aGF]]^2/(Table1[[#This Row],[aGF]]^2+Table1[[#This Row],[aGA]]^2)*100 -> 44.899701 | R19: =INTERCEPT($E$2:$E$33,$N$2:$N$33)+SLOPE($E$2:$E$33,$N$2:$N$33)*N19 -> 52.691393 | S19: =Table1[[#This Row],[xGF]]^2/(Table1[[#This Row],[xGF]]^2+Table1[[#This Row],[xGA]]^2)*100 -> 51.095682 | T19: =INTERCEPT($E$2:$E$33,$M$2:$M$33)+SLOPE($E$2:$E$33,$M$2:$M$33)*M19 -> 57.213839 | U19: =E19-R19 -> 3.6086074 | V19: =Table1[[#This Row],[PTS%]]-Table1[[#This Row],[PyThagWin%]] -> 11.400299 | W19: =Table1[[#This Row],[PTS%]]-Table1[[#This Row],[XGDiffPythag]] -> 5.2043181 | X19: =Table1[[#This Row],[PTS%]]-Table1[[#This Row],[XGDiffPts%]] -> -0.9138394 | Y19: =Table1[[#This Row],[PyThagWin%]]-Table1[[#This Row],[XGDiffPythag]] -> -6.1959813 | Z19: =ABS(Y19)/Q19 -> 0.13799605
A20: 19 | B20: Utah Mammoth | C20: 178.4 | D20: 153.6 | E20: =100*0.563 -> 56.3 | F20: 180 | G20: 158 | H20: 100.3 | I20: 2215 | J20: 2089 | K20: =F20-C20 -> 1.6 | L20: =G20-D20 -> 4.4 | M20: =C20-D20 -> 24.8 | N20: =K20-L20 -> -2.8 | O20: =F20-G20 -> 22 | P20: =I20-J20 -> 126 | Q20: =Table1[[#This Row],[aGF]]^2/(Table1[[#This Row],[aGF]]^2+Table1[[#This Row],[aGA]]^2)*100 -> 56.481417 | R20: =INTERCEPT($E$2:$E$33,$N$2:$N$33)+SLOPE($E$2:$E$33,$N$2:$N$33)*N20 -> 55.81593 | S20: =Table1[[#This Row],[xGF]]^2/(Table1[[#This Row],[xGF]]^2+Table1[[#This Row],[xGA]]^2)*100 -> 57.42843 | T20: =INTERCEPT($E$2:$E$33,$M$2:$M$33)+SLOPE($E$2:$E$33,$M$2:$M$33)*M20 -> 62.237006 | U20: =E20-R20 -> 0.48406982 | V20: =Table1[[#This Row],[PTS%]]-Table1[[#This Row],[PyThagWin%]] -> -0.18141692 | W20: =Table1[[#This Row],[PTS%]]-Table1[[#This Row],[XGDiffPythag]] -> -1.1284295 | X20: =Table1[[#This Row],[PTS%]]-Table1[[#This Row],[XGDiffPts%]] -> -5.9370057 | Y20: =Table1[[#This Row],[PyThagWin%]]-Table1[[#This Row],[XGDiffPythag]] -> -0.94701263 | Z20: =ABS(Y20)/Q20 -> 0.0167668
A21: 20 | B21: Los Angeles Kings | C21: 161.2 | D21: 154.7 | E21: =100*0.551 -> 55.1 | F21: 144 | G21: 135 | H21: 100.1 | I21: 2205 | J21: 2150 | K21: =F21-C21 -> -17.2 | L21: =G21-D21 -> -19.7 | M21: =C21-D21 -> 6.5 | N21: =K21-L21 -> 2.5 | O21: =F21-G21 -> 9 | P21: =I21-J21 -> 55 | Q21: =Table1[[#This Row],[aGF]]^2/(Table1[[#This Row],[aGF]]^2+Table1[[#This Row],[aGA]]^2)*100 -> 53.222453 | R21: =INTERCEPT($E$2:$E$33,$N$2:$N$33)+SLOPE($E$2:$E$33,$N$2:$N$33)*N21 -> 56.682948 | S21: =Table1[[#This Row],[xGF]]^2/(Table1[[#This Row],[xGF]]^2+Table1[[#This Row],[xGA]]^2)*100 -> 52.056742 | T21: =INTERCEPT($E$2:$E$33,$M$2:$M$33)+SLOPE($E$2:$E$33,$M$2:$M$33)*M21 -> 57.838731 | U21: =E21-R21 -> -1.5829485 | V21: =Table1[[#This Row],[PTS%]]-Table1[[#This Row],[PyThagWin%]] -> 1.8775468 | W21: =Table1[[#This Row],[PTS%]]-Table1[[#This Row],[XGDiffPythag]] -> 3.0432576 | X21: =Table1[[#This Row],[PTS%]]-Table1[[#This Row],[XGDiffPts%]] -> -2.7387309 | Y21: =Table1[[#This Row],[PyThagWin%]]-Table1[[#This Row],[XGDiffPythag]] -> 1.1657108 | Z21: =ABS(Y21)/Q21 -> 0.021902614
A22: 21 | B22: New Jersey Devils | C22: 178.2 | D22: 179.7 | E22: =100*0.537 -> 53.7 | F22: 136 | G22: 179 | H22: 97.6 | I22: 2405 | J22: 2218 | K22: =F22-C22 -> -42.2 | L22: =G22-D22 -> -0.7 | M22: =C22-D22 -> -1.5 | N22: =K22-L22 -> -41.5 | O22: =F22-G22 -> -43 | P22: =I22-J22 -> 187 | Q22: =Table1[[#This Row],[aGF]]^2/(Table1[[#This Row],[aGF]]^2+Table1[[#This Row],[aGA]]^2)*100 -> 36.598928 | R22: =INTERCEPT($E$2:$E$33,$N$2:$N$33)+SLOPE($E$2:$E$33,$N$2:$N$33)*N22 -> 49.485061 | S22: =Table1[[#This Row],[xGF]]^2/(Table1[[#This Row],[xGF]]^2+Table1[[#This Row],[xGA]]^2)*100 -> 49.580896 | T22: =INTERCEPT($E$2:$E$33,$M$2:$M$33)+SLOPE($E$2:$E$33,$M$2:$M$33)*M22 -> 55.915988 | U22: =E22-R22 -> 4.2149391 | V22: =Table1[[#This Row],[PTS%]]-Table1[[#This Row],[PyThagWin%]] -> 17.101072 | W22: =Table1[[#This Row],[PTS%]]-Table1[[#This Row],[XGDiffPythag]] -> 4.1191041 | X22: =Table1[[#This Row],[PTS%]]-Table1[[#This Row],[XGDiffPts%]] -> -2.2159878 | Y22: =Table1[[#This Row],[PyThagWin%]]-Table1[[#This Row],[XGDiffPythag]] -> -12.981968 | Z22: =ABS(Y22)/Q22 -> 0.35470898
A23: 22 | B23: Nashville Predators | C23: 171.8 | D23: 186.4 | E23: =100*0.538 -> 53.8 | F23: 148 | G23: 175 | H23: 99.4 | I23: 2235 | J23: 2367 | K23: =F23-C23 -> -23.8 | L23: =G23-D23 -> -11.4 | M23: =C23-D23 -> -14.6 | N23: =K23-L23 -> -12.4 | O23: =F23-G23 -> -27 | P23: =I23-J23 -> -132 | Q23: =Table1[[#This Row],[aGF]]^2/(Table1[[#This Row],[aGF]]^2+Table1[[#This Row],[aGA]]^2)*100 -> 41.698871 | R23: =INTERCEPT($E$2:$E$33,$N$2:$N$33)+SLOPE($E$2:$E$33,$N$2:$N$33)*N23 -> 54.245482 | S23: =Table1[[#This Row],[xGF]]^2/(Table1[[#This Row],[xGF]]^2+Table1[[#This Row],[xGA]]^2)*100 -> 45.930825 | T23: =INTERCEPT($E$2:$E$33,$M$2:$M$33)+SLOPE($E$2:$E$33,$M$2:$M$33)*M23 -> 52.767496 | U23: =E23-R23 -> -0.44548198 | V23: =Table1[[#This Row],[PTS%]]-Table1[[#This Row],[PyThagWin%]] -> 12.101129 | W23: =Table1[[#This Row],[PTS%]]-Table1[[#This Row],[XGDiffPythag]] -> 7.869175 | X23: =Table1[[#This Row],[PTS%]]-Table1[[#This Row],[XGDiffPts%]] -> 1.032504 | Y23: =Table1[[#This Row],[PyThagWin%]]-Table1[[#This Row],[XGDiffPythag]] -> -4.2319539 | Z23: =ABS(Y23)/Q23 -> 0.10148845
A24: 23 | B24: Winnipeg Jets | C24: 157.3 | D24: 164 | E24: =100*0.519 -> 51.9 | F24: 152 | G24: 161 | H24: 100.1 | I24: 2087 | J24: 2170 | K24: =F24-C24 -> -5.3 | L24: =G24-D24 -> -3 | M24: =C24-D24 -> -6.7 | N24: =K24-L24 -> -2.3 | O24: =F24-G24 -> -9 | P24: =I24-J24 -> -83 | Q24: =Table1[[#This Row],[aGF]]^2/(Table1[[#This Row],[aGF]]^2+Table1[[#This Row],[aGA]]^2)*100 -> 47.126976 | R24: =INTERCEPT($E$2:$E$33,$N$2:$N$33)+SLOPE($E$2:$E$33,$N$2:$N$33)*N24 -> 55.897724 | S24: =Table1[[#This Row],[xGF]]^2/(Table1[[#This Row],[xGF]]^2+Table1[[#This Row],[xGA]]^2)*100 -> 47.915628 | T24: =INTERCEPT($E$2:$E$33,$M$2:$M$33)+SLOPE($E$2:$E$33,$M$2:$M$33)*M24 -> 54.666205 | U24: =E24-R24 -> -3.9977244 | V24: =Table1[[#This Row],[PTS%]]-Table1[[#This Row],[PyThagWin%]] -> 4.773024 | W24: =Table1[[#This Row],[PTS%]]-Table1[[#This Row],[XGDiffPythag]] -> 3.9843722 | X24: =Table1[[#This Row],[PTS%]]-Table1[[#This Row],[XGDiffPts%]] -> -2.7662048 | Y24: =Table1[[#This Row],[PyThagWin%]]-Table1[[#This Row],[XGDiffPythag]] -> -0.78865178 | Z24: =ABS(Y24)/Q24 -> 0.016734615
A25: 24 | B25: San Jose Sharks | C25: 159.7 | D25: 174.2 | E25: =100*0.519 -> 51.9 | F25: 156 | G25: 183 | H25: 99.9 | I25: 2037 | J25: 2352 | K25: =F25-C25 -> -3.7 | L25: =G25-D25 -> 8.8 | M25: =C25-D25 -> -14.5 | N25: =K25-L25 -> -12.5 | O25: =F25-G25 -> -27 | P25: =I25-J25 -> -315 | Q25: =Table1[[#This Row],[aGF]]^2/(Table1[[#This Row],[aGF]]^2+Table1[[#This Row],[aGA]]^2)*100 -> 42.085603 | R25: =INTERCEPT($E$2:$E$33,$N$2:$N$33)+SLOPE($E$2:$E$33,$N$2:$N$33)*N25 -> 54.229123 | S25: =Table1[[#This Row],[xGF]]^2/(Table1[[#This Row],[xGF]]^2+Table1[[#This Row],[xGA]]^2)*100 -> 45.665556 | T25: =INTERCEPT($E$2:$E$33,$M$2:$M$33)+SLOPE($E$2:$E$33,$M$2:$M$33)*M25 -> 52.79153 | U25: =E25-R25 -> -2.3291231 | V25: =Table1[[#This Row],[PTS%]]-Table1[[#This Row],[PyThagWin%]] -> 9.8143969 | W25: =Table1[[#This Row],[PTS%]]-Table1[[#This Row],[XGDiffPythag]] -> 6.2344435 | X25: =Table1[[#This Row],[PTS%]]-Table1[[#This Row],[XGDiffPts%]] -> -0.89153028 | Y25: =Table1[[#This Row],[PyThagWin%]]-Table1[[#This Row],[XGDiffPythag]] -> -3.5799534 | Z25: =ABS(Y25)/Q25 -> 0.085063611
A26: 25 | B26: Florida Panthers | C26: 160.3 | D26: 164.9 | E26: =100*0.5 -> 50 | F26: 152 | G26: 178 | H26: 98.7 | I26: 2248 | J26: 2144 | K26: =F26-C26 -> -8.3 | L26: =G26-D26 -> 13.1 | M26: =C26-D26 -> -4.6 | N26: =K26-L26 -> -21.4 | O26: =F26-G26 -> -26 | P26: =I26-J26 -> 104 | Q26: =Table1[[#This Row],[aGF]]^2/(Table1[[#This Row],[aGF]]^2+Table1[[#This Row],[aGA]]^2)*100 -> 42.169818 | R26: =INTERCEPT($E$2:$E$33,$N$2:$N$33)+SLOPE($E$2:$E$33,$N$2:$N$33)*N26 -> 52.773187 | S26: =Table1[[#This Row],[xGF]]^2/(Table1[[#This Row],[xGF]]^2+Table1[[#This Row],[xGA]]^2)*100 -> 48.585769 | T26: =INTERCEPT($E$2:$E$33,$M$2:$M$33)+SLOPE($E$2:$E$33,$M$2:$M$33)*M26 -> 55.170925 | U26: =E26-R26 -> -2.7731868 | V26: =Table1[[#This Row],[PTS%]]-Table1[[#This Row],[PyThagWin%]] -> 7.8301818 | W26: =Table1[[#This Row],[PTS%]]-Table1[[#This Row],[XGDiffPythag]] -> 1.4142312 | X26: =Table1[[#This Row],[PTS%]]-Table1[[#This Row],[XGDiffPts%]] -> -5.1709249 | Y26: =Table1[[#This Row],[PyThagWin%]]-Table1[[#This Row],[XGDiffPythag]] -> -6.4159506 | Z26: =ABS(Y26)/Q26 -> 0.15214556
A27: 26 | B27: St. Louis Blues | C27: 159 | D27: 161 | E27: =100*0.506 -> 50.6 | F27: 150 | G27: 165 | H27: 99.7 | I27: 1993 | J27: 2195 | K27: =F27-C27 -> -9 | L27: =G27-D27 -> 4 | M27: =C27-D27 -> -2 | N27: =K27-L27 -> -13 | O27: =F27-G27 -> -15 | P27: =I27-J27 -> -202 | Q27: =Table1[[#This Row],[aGF]]^2/(Table1[[#This Row],[aGF]]^2+Table1[[#This Row],[aGA]]^2)*100 -> 45.248869 | R27: =INTERCEPT($E$2:$E$33,$N$2:$N$33)+SLOPE($E$2:$E$33,$N$2:$N$33)*N27 -> 54.147329 | S27: =Table1[[#This Row],[xGF]]^2/(Table1[[#This Row],[xGF]]^2+Table1[[#This Row],[xGA]]^2)*100 -> 49.375024 | T27: =INTERCEPT($E$2:$E$33,$M$2:$M$33)+SLOPE($E$2:$E$33,$M$2:$M$33)*M27 -> 55.795816 | U27: =E27-R27 -> -3.547329 | V27: =Table1[[#This Row],[PTS%]]-Table1[[#This Row],[PyThagWin%]] -> 5.3511312 | W27: =Table1[[#This Row],[PTS%]]-Table1[[#This Row],[XGDiffPythag]] -> 1.2249756 | X27: =Table1[[#This Row],[PTS%]]-Table1[[#This Row],[XGDiffPts%]] -> -5.1958164 | Y27: =Table1[[#This Row],[PyThagWin%]]-Table1[[#This Row],[XGDiffPythag]] -> -4.1261556 | Z27: =ABS(Y27)/Q27 -> 0.09118804
A28: 27 | B28: Seattle Kraken | C28: 150.3 | D28: 171.6 | E28: =100*0.5 -> 50 | F28: 150 | G28: 151 | H28: 101.2 | I28: 2021 | J28: 2324 | K28: =F28-C28 -> -0.3 | L28: =G28-D28 -> -20.6 | M28: =C28-D28 -> -21.3 | N28: =K28-L28 -> 20.3 | O28: =F28-G28 -> -1 | P28: =I28-J28 -> -303 | Q28: =Table1[[#This Row],[aGF]]^2/(Table1[[#This Row],[aGF]]^2+Table1[[#This Row],[aGA]]^2)*100 -> 49.667778 | R28: =INTERCEPT($E$2:$E$33,$N$2:$N$33)+SLOPE($E$2:$E$33,$N$2:$N$33)*N28 -> 59.594821 | S28: =Table1[[#This Row],[xGF]]^2/(Table1[[#This Row],[xGF]]^2+Table1[[#This Row],[xGA]]^2)*100 -> 43.411884 | T28: =INTERCEPT($E$2:$E$33,$M$2:$M$33)+SLOPE($E$2:$E$33,$M$2:$M$33)*M28 -> 51.157199 | U28: =E28-R28 -> -9.5948212 | V28: =Table1[[#This Row],[PTS%]]-Table1[[#This Row],[PyThagWin%]] -> 0.33222225 | W28: =Table1[[#This Row],[PTS%]]-Table1[[#This Row],[XGDiffPythag]] -> 6.5881163 | X28: =Table1[[#This Row],[PTS%]]-Table1[[#This Row],[XGDiffPts%]] -> -1.1571986 | Y28: =Table1[[#This Row],[PyThagWin%]]-Table1[[#This Row],[XGDiffPythag]] -> 6.255894 | Z28: =ABS(Y28)/Q28 -> 0.12595478
A29: 28 | B29: Toronto Maple Leafs | C29: 158.7 | D29: 192.5 | E29: =100*0.488 -> 48.8 | F29: 166 | G29: 202 | H29: 100.1 | I29: 2112 | J29: 2590 | K29: =F29-C29 -> 7.3 | L29: =G29-D29 -> 9.5 | M29: =C29-D29 -> -33.8 | N29: =K29-L29 -> -2.2 | O29: =F29-G29 -> -36 | P29: =I29-J29 -> -478 | Q29: =Table1[[#This Row],[aGF]]^2/(Table1[[#This Row],[aGF]]^2+Table1[[#This Row],[aGA]]^2)*100 -> 40.310123 | R29: =INTERCEPT($E$2:$E$33,$N$2:$N$33)+SLOPE($E$2:$E$33,$N$2:$N$33)*N29 -> 55.914083 | S29: =Table1[[#This Row],[xGF]]^2/(Table1[[#This Row],[xGF]]^2+Table1[[#This Row],[xGA]]^2)*100 -> 40.464179 | T29: =INTERCEPT($E$2:$E$33,$M$2:$M$33)+SLOPE($E$2:$E$33,$M$2:$M$33)*M29 -> 48.152913 | U29: =E29-R29 -> -7.1140832 | V29: =Table1[[#This Row],[PTS%]]-Table1[[#This Row],[PyThagWin%]] -> 8.4898771 | W29: =Table1[[#This Row],[PTS%]]-Table1[[#This Row],[XGDiffPythag]] -> 8.335821 | X29: =Table1[[#This Row],[PTS%]]-Table1[[#This Row],[XGDiffPts%]] -> 0.64708744 | Y29: =Table1[[#This Row],[PyThagWin%]]-Table1[[#This Row],[XGDiffPythag]] -> -0.1540561 | Z29: =ABS(Y29)/Q29 -> 0.003821772
A30: 29 | B30: Calgary Flames | C30: 164.4 | D30: 184.8 | E30: =100*0.469 -> 46.9 | F30: 141 | G30: 173 | H30: 98.6 | I30: 2254 | J30: 2387 | K30: =F30-C30 -> -23.4 | L30: =G30-D30 -> -11.8 | M30: =C30-D30 -> -20.4 | N30: =K30-L30 -> -11.6 | O30: =F30-G30 -> -32 | P30: =I30-J30 -> -133 | Q30: =Table1[[#This Row],[aGF]]^2/(Table1[[#This Row],[aGF]]^2+Table1[[#This Row],[aGA]]^2)*100 -> 39.913672 | R30: =INTERCEPT($E$2:$E$33,$N$2:$N$33)+SLOPE($E$2:$E$33,$N$2:$N$33)*N30 -> 54.376353 | S30: =Table1[[#This Row],[xGF]]^2/(Table1[[#This Row],[xGF]]^2+Table1[[#This Row],[xGA]]^2)*100 -> 44.177945 | T30: =INTERCEPT($E$2:$E$33,$M$2:$M$33)+SLOPE($E$2:$E$33,$M$2:$M$33)*M30 -> 51.373507 | U30: =E30-R30 -> -7.4763527 | V30: =Table1[[#This Row],[PTS%]]-Table1[[#This Row],[PyThagWin%]] -> 6.986328 | W30: =Table1[[#This Row],[PTS%]]-Table1[[#This Row],[XGDiffPythag]] -> 2.7220548 | X30: =Table1[[#This Row],[PTS%]]-Table1[[#This Row],[XGDiffPts%]] -> -4.4735072 | Y30: =Table1[[#This Row],[PyThagWin%]]-Table1[[#This Row],[XGDiffPythag]] -> -4.2642732 | Z30: =ABS(Y30)/Q30 -> 0.10683741
A31: 30 | B31: New York Rangers | C31: 152.4 | D31: 160 | E31: =100*0.469 -> 46.9 | F31: 148 | G31: 151 | H31: 100.8 | I31: 2018 | J31: 2315 | K31: =F31-C31 -> -4.4 | L31: =G31-D31 -> -9 | M31: =C31-D31 -> -7.6 | N31: =K31-L31 -> 4.6 | O31: =F31-G31 -> -3 | P31: =I31-J31 -> -297 | Q31: =Table1[[#This Row],[aGF]]^2/(Table1[[#This Row],[aGF]]^2+Table1[[#This Row],[aGA]]^2)*100 -> 48.996757 | R31: =INTERCEPT($E$2:$E$33,$N$2:$N$33)+SLOPE($E$2:$E$33,$N$2:$N$33)*N31 -> 57.026484 | S31: =Table1[[#This Row],[xGF]]^2/(Table1[[#This Row],[xGF]]^2+Table1[[#This Row],[xGA]]^2)*100 -> 47.56866 | T31: =INTERCEPT($E$2:$E$33,$M$2:$M$33)+SLOPE($E$2:$E$33,$M$2:$M$33)*M31 -> 54.449896 | U31: =E31-R31 -> -10.126484 | V31: =Table1[[#This Row],[PTS%]]-Table1[[#This Row],[PyThagWin%]] -> -2.0967565 | W31: =Table1[[#This Row],[PTS%]]-Table1[[#This Row],[XGDiffPythag]] -> -0.66866048 | X31: =Table1[[#This Row],[PTS%]]-Table1[[#This Row],[XGDiffPts%]] -> -7.5498962 | Y31: =Table1[[#This Row],[PyThagWin%]]-Table1[[#This Row],[XGDiffPythag]] -> 1.428096 | Z31: =ABS(Y31)/Q31 -> 0.029146746
A32: 31 | B32: Chicago Blackhawks | C32: 142.9 | D32: 201.8 | E32: =100*0.438 -> 43.8 | F32: 146 | G32: 192 | H32: 99.6 | I32: 1975 | J32: 2414 | K32: =F32-C32 -> 3.1 | L32: =G32-D32 -> -9.8 | M32: =C32-D32 -> -58.9 | N32: =K32-L32 -> 12.9 | O32: =F32-G32 -> -46 | P32: =I32-J32 -> -439 | Q32: =Table1[[#This Row],[aGF]]^2/(Table1[[#This Row],[aGF]]^2+Table1[[#This Row],[aGA]]^2)*100 -> 36.63802 | R32: =INTERCEPT($E$2:$E$33,$N$2:$N$33)+SLOPE($E$2:$E$33,$N$2:$N$33)*N32 -> 58.384267 | S32: =Table1[[#This Row],[xGF]]^2/(Table1[[#This Row],[xGF]]^2+Table1[[#This Row],[xGA]]^2)*100 -> 33.397434 | T32: =INTERCEPT($E$2:$E$33,$M$2:$M$33)+SLOPE($E$2:$E$33,$M$2:$M$33)*M32 -> 42.120306 | U32: =E32-R32 -> -14.584267 | V32: =Table1[[#This Row],[PTS%]]-Table1[[#This Row],[PyThagWin%]] -> 7.1619801 | W32: =Table1[[#This Row],[PTS%]]-Table1[[#This Row],[XGDiffPythag]] -> 10.402566 | X32: =Table1[[#This Row],[PTS%]]-Table1[[#This Row],[XGDiffPts%]] -> 1.6796939 | Y32: =Table1[[#This Row],[PyThagWin%]]-Table1[[#This Row],[XGDiffPythag]] -> 3.2405862 | Z32: =ABS(Y32)/Q32 -> 0.088448726
A33: 32 | B33: Vancouver Canucks | C33: 155.2 | D33: 194.4 | E33: =100*0.35 -> 35 | F33: 128 | G33: 204 | H33: 97.8 | I33: 2091 | J33: 2376 | K33: =F33-C33 -> -27.2 | L33: =G33-D33 -> 9.6 | M33: =C33-D33 -> -39.2 | N33: =K33-L33 -> -36.8 | O33: =F33-G33 -> -76 | P33: =I33-J33 -> -285 | Q33: =Table1[[#This Row],[aGF]]^2/(Table1[[#This Row],[aGF]]^2+Table1[[#This Row],[aGA]]^2)*100 -> 28.248276 | R33: =INTERCEPT($E$2:$E$33,$N$2:$N$33)+SLOPE($E$2:$E$33,$N$2:$N$33)*N33 -> 50.253926 | S33: =Table1[[#This Row],[xGF]]^2/(Table1[[#This Row],[xGF]]^2+Table1[[#This Row],[xGA]]^2)*100 -> 38.926411 | T33: =INTERCEPT($E$2:$E$33,$M$2:$M$33)+SLOPE($E$2:$E$33,$M$2:$M$33)*M33 -> 46.855061 | U33: =E33-R33 -> -15.253926 | V33: =Table1[[#This Row],[PTS%]]-Table1[[#This Row],[PyThagWin%]] -> 6.7517241 | W33: =Table1[[#This Row],[PTS%]]-Table1[[#This Row],[XGDiffPythag]] -> -3.9264105 | X33: =Table1[[#This Row],[PTS%]]-Table1[[#This Row],[XGDiffPts%]] -> -11.855061 | Y33: =Table1[[#This Row],[PyThagWin%]]-Table1[[#This Row],[XGDiffPythag]] -> -10.678135 | Z33: =ABS(Y33)/Q33 -> 0.37801014
B35: Data Pull
B36: Data Evaluated

Sheet Regression Analysis
A1: Simple Linear Regression — PTS% as Dependent Variable
A4: Model 1: PTS% vs xGDiff | D4: Summary Comparison | J4: Chart Data (live-linked)
A5: Slope | B5: =SLOPE(Data!E2:E33,Data!M2:M33) -> 0.24034289 | D5: Model | E5: Predictor | F5: R | G5: R² | H5: Std Error | J5: xGDiff | K5: PTS% | L5: Predicted | M5: NetLuck | N5: PTS% | O5: Predicted | P5: PyThagWin% | Q5: PTS% | R5: Predicted | S5: XPythagWin% | T5: PTS% | U5: Predicted | V5: PDO | W5: Net Luck | X5: Predicted
A6: Intercept | B6: =INTERCEPT(Data!E2:E33,Data!M2:M33) -> 56.276502 | D6: 1 | E6: xGDiff | F6: =B7 -> 0.70694263 | G6: =B8 -> 0.49976788 | H6: =B9 -> 5.6777307 | J6: =Data!M2 -> 50.5 | K6: =Data!E2 -> 72.8 | L6: =$B$6+$B$5*J6 -> 68.413818 | M6: =Data!N2 -> 34.5 | N6: =Data!E2 -> 72.8 | O6: =$B$15+$B$14*M6 -> 61.917776 | P6: =Data!Q2 -> 73.713926 | Q6: =Data!E2 -> 72.8 | R6: =$B$24+$B$23*P6 -> 73.513638 | S6: =Data!S2 -> 63.94697 | T6: =Data!E2 -> 72.8 | U6: =$B$33+$B$32*S6 -> 67.770448 | V6: ='PDO vs Net Luck'!B17 -> 101.7 | W6: ='PDO vs Net Luck'!C17 -> 34.5 | X6: ='PDO vs Net Luck'!D17 -> 28.366391
A7: R | B7: =CORREL(Data!E2:E33,Data!M2:M33) -> 0.70694263 | D7: 2 | E7: Net Luck | F7: =B16 -> 0.4814363 | G7: =B17 -> 0.23178091 | H7: =B18 -> 7.0360926 | J7: =Data!M3 -> 37.1 | K7: =Data!E3 -> 68.8 | L7: =$B$6+$B$5*J7 -> 65.193223 | M7: =Data!N3 -> -15.1 | N7: =Data!E3 -> 68.8 | O7: =$B$15+$B$14*M7 -> 53.803793 | P7: =Data!Q3 -> 56.44361 | Q7: =Data!E3 -> 68.8 | R7: =$B$24+$B$23*P7 -> 60.971828 | S7: =Data!S3 -> 60.317892 | T7: =Data!E3 -> 68.8 | U7: =$B$33+$B$32*S7 -> 64.773936 | V7: ='PDO vs Net Luck'!B18 -> 98.4 | W7: ='PDO vs Net Luck'!C18 -> -15.1 | X7: ='PDO vs Net Luck'!D18 -> -26.787033
A8: R² | B8: =RSQ(Data!E2:E33,Data!M2:M33) -> 0.49976788 | D8: 3 | E8: PyThagWin% | F8: =B25 -> 0.86075802 | G8: =B26 -> 0.74090436 | H8: =B27 -> 4.0861946 | J8: =Data!M4 -> 11.4 | K8: =Data!E4 -> 67.5 | L8: =$B$6+$B$5*J8 -> 59.016411 | M8: =Data!N4 -> 19.6 | N8: =Data!E4 -> 67.5 | O8: =$B$15+$B$14*M8 -> 59.480309 | P8: =Data!Q4 -> 60.393699 | Q8: =Data!E4 -> 67.5 | R8: =$B$24+$B$23*P8 -> 63.840407 | S8: =Data!S4 -> 53.609742 | T8: =Data!E4 -> 67.5 | U8: =$B$33+$B$32*S8 -> 59.23505 | V8: ='PDO vs Net Luck'!B19 -> 102.1 | W8: ='PDO vs Net Luck'!C19 -> 19.6 | X8: ='PDO vs Net Luck'!D19 -> 35.051655
A9: Std Error | B9: =STEYX(Data!E2:E33,Data!M2:M33) -> 5.6777307 | D9: 4 | E9: PDO | F9: =B34 -> 0.69936324 | G9: =B35 -> 0.48910894 | H9: =B36 -> 5.7379023 | J9: =Data!M5 -> -7.7 | K9: =Data!E5 -> 66.3 | L9: =$B$6+$B$5*J9 -> 54.425862 | M9: =Data!N5 -> 39.7 | N9: =Data!E5 -> 66.3 | O9: =$B$15+$B$14*M9 -> 62.768435 | P9: =Data!Q5 -> 59.329126 | Q9: =Data!E5 -> 66.3 | R9: =$B$24+$B$23*P9 -> 63.067307 | S9: =Data!S5 -> 47.811683 | T9: =Data!E5 -> 66.3 | U9: =$B$33+$B$32*S9 -> 54.44762 | V9: ='PDO vs Net Luck'!B20 -> 101.5 | W9: ='PDO vs Net Luck'!C20 -> 39.7 | X9: ='PDO vs Net Luck'!D20 -> 25.02376
A10: N | B10: =COUNT(Data!E2:E33) -> 32 | J10: =Data!M6 -> -1.7 | K10: =Data!E6 -> 65.4 | L10: =$B$6+$B$5*J10 -> 55.867919 | M10: =Data!N6 -> 25.7 | N10: =Data!E6 -> 65.4 | O10: =$B$15+$B$14*M10 -> 60.478198 | P10: =Data!Q6 -> 57.023826 | Q10: =Data!E6 -> 65.4 | R10: =$B$24+$B$23*P10 -> 61.393184 | S10: =Data!S6 -> 49.492702 | T10: =Data!E6 -> 65.4 | U10: =$B$33+$B$32*S10 -> 55.83563 | V10: ='PDO vs Net Luck'!B21 -> 101.6 | W10: ='PDO vs Net Luck'!C21 -> 25.7 | X10: ='PDO vs Net Luck'!D21 -> 26.695075
A11: Equation | B11: ="PTS% = "&ROUND(B6,4)&" + "&ROUND(B5,4)&" * xGDiff" -> PTS% = 56.2765 + 0.2403 * xGDiff | J11: =Data!M7 -> 19 | K11: =Data!E7 -> 65 | L11: =$B$6+$B$5*J11 -> 60.843017 | M11: =Data!N7 -> 25 | N11: =Data!E7 -> 65 | O11: =$B$15+$B$14*M11 -> 60.363686 | P11: =Data!Q7 -> 62.87446 | Q11: =Data!E7 -> 65 | R11: =$B$24+$B$23*P11 -> 65.641951 | S11: =Data!S7 -> 55.577359 | T11: =Data!E7 -> 65 | U11: =$B$33+$B$32*S11 -> 60.859702 | V11: ='PDO vs Net Luck'!B22 -> 101.7 | W11: ='PDO vs Net Luck'!C22 -> 25 | X11: ='PDO vs Net Luck'!D22 -> 28.366391
J12: =Data!M8 -> -4.6 | K12: =Data!E8 -> 63.8 | L12: =$B$6+$B$5*J12 -> 55.170925 | M12: =Data!N8 -> 15.6 | N12: =Data!E8 -> 63.8 | O12: =$B$15+$B$14*M12 -> 58.825956 | P12: =Data!Q8 -> 53.465858 | Q12: =Data!E8 -> 63.8 | R12: =$B$24+$B$23*P12 -> 58.809366 | S12: =Data!S8 -> 48.677632 | T12: =Data!E8 -> 63.8 | U12: =$B$33+$B$32*S12 -> 55.16263 | V12: ='PDO vs Net Luck'!B23 -> 100.7 | W12: ='PDO vs Net Luck'!C23 -> 15.6 | X12: ='PDO vs Net Luck'!D23 -> 11.653233
A13: Model 2: PTS% vs Net Luck | J13: =Data!M9 -> -24.5 | K13: =Data!E9 -> 60.5 | L13: =$B$6+$B$5*J13 -> 50.388101 | M13: =Data!N9 -> 52.5 | N13: =Data!E9 -> 60.5 | O13: =$B$15+$B$14*M13 -> 64.862366 | P13: =Data!Q9 -> 58.474827 | Q13: =Data!E9 -> 60.5 | R13: =$B$24+$B$23*P13 -> 62.44691 | S13: =Data!S9 -> 42.68877 | T13: =Data!E9 -> 60.5 | U13: =$B$33+$B$32*S13 -> 50.217656 | V13: ='PDO vs Net Luck'!B24 -> 101.7 | W13: ='PDO vs Net Luck'!C24 -> 52.5 | X13: ='PDO vs Net Luck'!D24 -> 28.366391
A14: Slope | B14: =SLOPE(Data!E2:E33,Data!N2:N33) -> 0.16358835 | J14: =Data!M10 -> 18.6 | K14: =Data!E10 -> 60.5 | L14: =$B$6+$B$5*J14 -> 60.74688 | M14: =Data!N10 -> 9.4 | N14: =Data!E10 -> 60.5 | O14: =$B$15+$B$14*M14 -> 57.811708 | P14: =Data!Q10 -> 57.647059 | Q14: =Data!E10 -> 60.5 | R14: =$B$24+$B$23*P14 -> 61.84578 | S14: =Data!S10 -> 54.990201 | T14: =Data!E10 -> 60.5 | U14: =$B$33+$B$32*S14 -> 60.374888 | V14: ='PDO vs Net Luck'!B25 -> 101 | W14: ='PDO vs Net Luck'!C25 -> 9.4 | X14: ='PDO vs Net Luck'!D25 -> 16.66718
A15: Intercept | B15: =INTERCEPT(Data!E2:E33,Data!N2:N33) -> 56.273978 | J15: =Data!M11 -> 35.8 | K15: =Data!E11 -> 59.9 | L15: =$B$6+$B$5*J15 -> 64.880777 | M15: =Data!N11 -> -18.8 | N15: =Data!E11 -> 59.9 | O15: =$B$15+$B$14*M15 -> 53.198517 | P15: =Data!Q11 -> 54.972978 | Q15: =Data!E11 -> 59.9 | R15: =$B$24+$B$23*P15 -> 59.903845 | S15: =Data!S11 -> 60.902973 | T15: =Data!E11 -> 59.9 | U15: =$B$33+$B$32*S15 -> 65.257035 | V15: ='PDO vs Net Luck'!B26 -> 99.5 | W15: ='PDO vs Net Luck'!C26 -> -18.8 | X15: ='PDO vs Net Luck'!D26 -> -8.402558
A16: R | B16: =CORREL(Data!E2:E33,Data!N2:N33) -> 0.4814363 | J16: =Data!M12 -> 15.5 | K16: =Data!E12 -> 58.8 | L16: =$B$6+$B$5*J16 -> 60.001817 | M16: =Data!N12 -> -3.5 | N16: =Data!E12 -> 58.8 | O16: =$B$15+$B$14*M16 -> 55.701418 | P16: =Data!Q12 -> 53.941227 | Q16: =Data!E12 -> 58.8 | R16: =$B$24+$B$23*P16 -> 59.154582 | S16: =Data!S12 -> 55.080476 | T16: =Data!E12 -> 58.8 | U16: =$B$33+$B$32*S16 -> 60.449428 | V16: ='PDO vs Net Luck'!B27 -> 100.6 | W16: ='PDO vs Net Luck'!C27 -> -3.5 | X16: ='PDO vs Net Luck'!D27 -> 9.9819167
A17: R² | B17: =RSQ(Data!E2:E33,Data!N2:N33) -> 0.23178091 | J17: =Data!M13 -> 4.5 | K17: =Data!E13 -> 57.4 | L17: =$B$6+$B$5*J17 -> 57.358045 | M17: =Data!N13 -> 27.5 | N17: =Data!E13 -> 57.4 | O17: =$B$15+$B$14*M17 -> 60.772657 | P17: =Data!Q13 -> 59.781132 | Q17: =Data!E13 -> 57.4 | R17: =$B$24+$B$23*P17 -> 63.395557 | S17: =Data!S13 -> 51.311345 | T17: =Data!E13 -> 57.4 | U17: =$B$33+$B$32*S17 -> 57.337275 | V17: ='PDO vs Net Luck'!B28 -> 101.5 | W17: ='PDO vs Net Luck'!C28 -> 27.5 | X17: ='PDO vs Net Luck'!D28 -> 25.02376
A18: Std Error | B18: =STEYX(Data!E2:E33,Data!N2:N33) -> 7.0360926 | J18: =Data!M14 -> 2.9 | K18: =Data!E14 -> 56.8 | L18: =$B$6+$B$5*J18 -> 56.973497 | M18: =Data!N14 -> 9.1 | N18: =Data!E14 -> 56.8 | O18: =$B$15+$B$14*M18 -> 57.762632 | P18: =Data!Q14 -> 53.588183 | Q18: =Data!E14 -> 56.8 | R18: =$B$24+$B$23*P18 -> 58.898199 | S18: =Data!S14 -> 50.810229 | T18: =Data!E14 -> 56.8 | U18: =$B$33+$B$32*S18 -> 56.923505 | V18: ='PDO vs Net Luck'!B29 -> 100.3 | W18: ='PDO vs Net Luck'!C29 -> 9.1 | X18: ='PDO vs Net Luck'!D29 -> 4.967969
A19: N | B19: =COUNT(Data!E2:E33) -> 32 | J19: =Data!M15 -> -13.6 | K19: =Data!E15 -> 56.2 | L19: =$B$6+$B$5*J19 -> 53.007839 | M19: =Data!N15 -> 1.6 | N19: =Data!E15 -> 56.2 | O19: =$B$15+$B$14*M19 -> 56.535719 | P19: =Data!Q15 -> 46.032754 | Q19: =Data!E15 -> 56.2 | R19: =$B$24+$B$23*P19 -> 53.411399 | S19: =Data!S15 -> 46.10238 | T19: =Data!E15 -> 56.2 | U19: =$B$33+$B$32*S19 -> 53.036257 | V19: ='PDO vs Net Luck'!B30 -> 99.5 | W19: ='PDO vs Net Luck'!C30 -> 1.6 | X19: ='PDO vs Net Luck'!D30 -> -8.402558
A20: Equation | B20: ="PTS% = "&ROUND(B15,4)&" + "&ROUND(B14,4)&" * NetLuck" -> PTS% = 56.274 + 0.1636 * NetLuck | J20: =Data!M16 -> -1.9 | K20: =Data!E16 -> 56.9 | L20: =$B$6+$B$5*J20 -> 55.819851 | M20: =Data!N16 -> -18.1 | N20: =Data!E16 -> 56.9 | O20: =$B$15+$B$14*M20 -> 53.313028 | P20: =Data!Q16 -> 43.318685 | Q20: =Data!E16 -> 56.9 | R20: =$B$24+$B$23*P20 -> 51.440426 | S20: =Data!S16 -> 49.431326 | T20: =Data!E16 -> 56.9 | U20: =$B$33+$B$32*S20 -> 55.784952 | V20: ='PDO vs Net Luck'!B31 -> 99.1 | W20: ='PDO vs Net Luck'!C31 -> -18.1 | X20: ='PDO vs Net Luck'!D31 -> -15.087822
J21: =Data!M17 -> 32.1 | K21: =Data!E17 -> 56.9 | L21: =$B$6+$B$5*J21 -> 63.991509 | M21: =Data!N17 -> -34.1 | N21: =Data!E17 -> 56.9 | O21: =$B$15+$B$14*M21 -> 50.695615 | P21: =Data!Q17 -> 49.408305 | Q21: =Data!E17 -> 56.9 | R21: =$B$24+$B$23*P21 -> 55.862745 | S21: =Data!S17 -> 59.904014 | T21: =Data!E17 -> 56.9 | U21: =$B$33+$B$32*S21 -> 64.4322 | V21: ='PDO vs Net Luck'!B32 -> 98.3 | W21: ='PDO vs Net Luck'!C32 -> -34.1 | X21: ='PDO vs Net Luck'!D32 -> -28.458349
A22: Model 3: PTS% vs PyThagWin% | J22: =Data!M18 -> 16.3 | K22: =Data!E18 -> 56.3 | L22: =$B$6+$B$5*J22 -> 60.194091 | M22: =Data!N18 -> -32.3 | N22: =Data!E18 -> 56.3 | O22: =$B$15+$B$14*M22 -> 50.990074 | P22: =Data!Q18 -> 45.514678 | Q22: =Data!E18 -> 56.3 | R22: =$B$24+$B$23*P22 -> 53.03517 | S22: =Data!S18 -> 54.557599 | T22: =Data!E18 -> 56.3 | U22: =$B$33+$B$32*S22 -> 60.017691 | V22: ='PDO vs Net Luck'!B33 -> 98.4 | W22: ='PDO vs Net Luck'!C33 -> -32.3 | X22: ='PDO vs Net Luck'!D33 -> -26.787033
A23: Slope | B23: =SLOPE(Data!E2:E33,Data!Q2:Q33) -> 0.7262062 | J23: =Data!M19 -> 3.9 | K23: =Data!E19 -> 56.3 | L23: =$B$6+$B$5*J23 -> 57.213839 | M23: =Data!N19 -> -21.9 | N23: =Data!E19 -> 56.3 | O23: =$B$15+$B$14*M23 -> 52.691393 | P23: =Data!Q19 -> 44.899701 | Q23: =Data!E19 -> 56.3 | R23: =$B$24+$B$23*P23 -> 52.588569 | S23: =Data!S19 -> 51.095682 | T23: =Data!E19 -> 56.3 | U23: =$B$33+$B$32*S23 -> 57.159202 | V23: ='PDO vs Net Luck'!B34 -> 98.6 | W23: ='PDO vs Net Luck'!C34 -> -21.9 | X23: ='PDO vs Net Luck'!D34 -> -23.444401
A24: Intercept | B24: =INTERCEPT(Data!E2:E33,Data!Q2:Q33) -> 19.982128 | J24: =Data!M20 -> 24.8 | K24: =Data!E20 -> 56.3 | L24: =$B$6+$B$5*J24 -> 62.237006 | M24: =Data!N20 -> -2.8 | N24: =Data!E20 -> 56.3 | O24: =$B$15+$B$14*M24 -> 55.81593 | P24: =Data!Q20 -> 56.481417 | Q24: =Data!E20 -> 56.3 | R24: =$B$24+$B$23*P24 -> 60.999283 | S24: =Data!S20 -> 57.42843 | T24: =Data!E20 -> 56.3 | U24: =$B$33+$B$32*S24 -> 62.388121 | V24: ='PDO vs Net Luck'!B35 -> 100.3 | W24: ='PDO vs Net Luck'!C35 -> -2.8 | X24: ='PDO vs Net Luck'!D35 -> 4.967969
A25: R | B25: =CORREL(Data!E2:E33,Data!Q2:Q33) -> 0.86075802 | J25: =Data!M21 -> 6.5 | K25: =Data!E21 -> 55.1 | L25: =$B$6+$B$5*J25 -> 57.838731 | M25: =Data!N21 -> 2.5 | N25: =Data!E21 -> 55.1 | O25: =$B$15+$B$14*M25 -> 56.682948 | P25: =Data!Q21 -> 53.222453 | Q25: =Data!E21 -> 55.1 | R25: =$B$24+$B$23*P25 -> 58.632604 | S25: =Data!S21 -> 52.056742 | T25: =Data!E21 -> 55.1 | U25: =$B$33+$B$32*S25 -> 57.952745 | V25: ='PDO vs Net Luck'!B36 -> 100.1 | W25: ='PDO vs Net Luck'!C36 -> 2.5 | X25: ='PDO vs Net Luck'!D36 -> 1.6253373
A26: R² | B26: =RSQ(Data!E2:E33,Data!Q2:Q33) -> 0.74090436 | J26: =Data!M22 -> -1.5 | K26: =Data!E22 -> 53.7 | L26: =$B$6+$B$5*J26 -> 55.915988 | M26: =Data!N22 -> -41.5 | N26: =Data!E22 -> 53.7 | O26: =$B$15+$B$14*M26 -> 49.485061 | P26: =Data!Q22 -> 36.598928 | Q26: =Data!E22 -> 53.7 | R26: =$B$24+$B$23*P26 -> 46.560496 | S26: =Data!S22 -> 49.580896 | T26: =Data!E22 -> 53.7 | U26: =$B$33+$B$32*S26 -> 55.908451 | V26: ='PDO vs Net Luck'!B37 -> 97.6 | W26: ='PDO vs Net Luck'!C37 -> -41.5 | X26: ='PDO vs Net Luck'!D37 -> -40.15756
A27: Std Error | B27: =STEYX(Data!E2:E33,Data!Q2:Q33) -> 4.0861946 | J27: =Data!M23 -> -14.6 | K27: =Data!E23 -> 53.8 | L27: =$B$6+$B$5*J27 -> 52.767496 | M27: =Data!N23 -> -12.4 | N27: =Data!E23 -> 53.8 | O27: =$B$15+$B$14*M27 -> 54.245482 | P27: =Data!Q23 -> 41.698871 | Q27: =Data!E23 -> 53.8 | R27: =$B$24+$B$23*P27 -> 50.264107 | S27: =Data!S23 -> 45.930825 | T27: =Data!E23 -> 53.8 | U27: =$B$33+$B$32*S27 -> 52.894605 | V27: ='PDO vs Net Luck'!B38 -> 99.4 | W27: ='PDO vs Net Luck'!C38 -> -12.4 | X27: ='PDO vs Net Luck'!D38 -> -10.073874
A28: N | B28: =COUNT(Data!E2:E33) -> 32 | J28: =Data!M24 -> -6.7 | K28: =Data!E24 -> 51.9 | L28: =$B$6+$B$5*J28 -> 54.666205 | M28: =Data!N24 -> -2.3 | N28: =Data!E24 -> 51.9 | O28: =$B$15+$B$14*M28 -> 55.897724 | P28: =Data!Q24 -> 47.126976 | Q28: =Data!E24 -> 51.9 | R28: =$B$24+$B$23*P28 -> 54.20603 | S28: =Data!S24 -> 47.915628 | T28: =Data!E24 -> 51.9 | U28: =$B$33+$B$32*S28 -> 54.533447 | V28: ='PDO vs Net Luck'!B39 -> 100.1 | W28: ='PDO vs Net Luck'!C39 -> -2.3 | X28: ='PDO vs Net Luck'!D39 -> 1.6253373
A29: Equation | B29: ="PTS% = "&ROUND(B24,4)&" + "&ROUND(B23,4)&" * PyThagWin%" -> PTS% = 19.9821 + 0.7262 * PyThagWin% | J29: =Data!M25 -> -14.5 | K29: =Data!E25 -> 51.9 | L29: =$B$6+$B$5*J29 -> 52.79153 | M29: =Data!N25 -> -12.5 | N29: =Data!E25 -> 51.9 | O29: =$B$15+$B$14*M29 -> 54.229123 | P29: =Data!Q25 -> 42.085603 | Q29: =Data!E25 -> 51.9 | R29: =$B$24+$B$23*P29 -> 50.544954 | S29: =Data!S25 -> 45.665556 | T29: =Data!E25 -> 51.9 | U29: =$B$33+$B$32*S29 -> 52.675574 | V29: ='PDO vs Net Luck'!B40 -> 99.9 | W29: ='PDO vs Net Luck'!C40 -> -12.5 | X29: ='PDO vs Net Luck'!D40 -> -1.7172945
J30: =Data!M26 -> -4.6 | K30: =Data!E26 -> 50 | L30: =$B$6+$B$5*J30 -> 55.170925 | M30: =Data!N26 -> -21.4 | N30: =Data!E26 -> 50 | O30: =$B$15+$B$14*M30 -> 52.773187 | P30: =Data!Q26 -> 42.169818 | Q30: =Data!E26 -> 50 | R30: =$B$24+$B$23*P30 -> 50.606112 | S30: =Data!S26 -> 48.585769 | T30: =Data!E26 -> 50 | U30: =$B$33+$B$32*S30 -> 55.086779 | V30: ='PDO vs Net Luck'!B41 -> 98.7 | W30: ='PDO vs Net Luck'!C41 -> -21.4 | X30: ='PDO vs Net Luck'!D41 -> -21.773085
A31: Model 4: PTS% vs XPythagWin% | J31: =Data!M27 -> -2 | K31: =Data!E27 -> 50.6 | L31: =$B$6+$B$5*J31 -> 55.795816 | M31: =Data!N27 -> -13 | N31: =Data!E27 -> 50.6 | O31: =$B$15+$B$14*M31 -> 54.147329 | P31: =Data!Q27 -> 45.248869 | Q31: =Data!E27 -> 50.6 | R31: =$B$24+$B$23*P31 -> 52.842137 | S31: =Data!S27 -> 49.375024 | T31: =Data!E27 -> 50.6 | U31: =$B$33+$B$32*S31 -> 55.738464 | V31: ='PDO vs Net Luck'!B42 -> 99.7 | W31: ='PDO vs Net Luck'!C42 -> -13 | X31: ='PDO vs Net Luck'!D42 -> -5.0599263
A32: Slope | B32: =SLOPE(Data!E2:E33,Data!S2:S33) -> 0.82569513 | J32: =Data!M28 -> -21.3 | K32: =Data!E28 -> 50 | L32: =$B$6+$B$5*J32 -> 51.157199 | M32: =Data!N28 -> 20.3 | N32: =Data!E28 -> 50 | O32: =$B$15+$B$14*M32 -> 59.594821 | P32: =Data!Q28 -> 49.667778 | Q32: =Data!E28 -> 50 | R32: =$B$24+$B$23*P32 -> 56.051176 | S32: =Data!S28 -> 43.411884 | T32: =Data!E28 -> 50 | U32: =$B$33+$B$32*S32 -> 50.814728 | V32: ='PDO vs Net Luck'!B43 -> 101.2 | W32: ='PDO vs Net Luck'!C43 -> 20.3 | X32: ='PDO vs Net Luck'!D43 -> 20.009812
A33: Intercept | B33: =INTERCEPT(Data!E2:E33,Data!S2:S33) -> 14.969747 | J33: =Data!M29 -> -33.8 | K33: =Data!E29 -> 48.8 | L33: =$B$6+$B$5*J33 -> 48.152913 | M33: =Data!N29 -> -2.2 | N33: =Data!E29 -> 48.8 | O33: =$B$15+$B$14*M33 -> 55.914083 | P33: =Data!Q29 -> 40.310123 | Q33: =Data!E29 -> 48.8 | R33: =$B$24+$B$23*P33 -> 49.255589 | S33: =Data!S29 -> 40.464179 | T33: =Data!E29 -> 48.8 | U33: =$B$33+$B$32*S33 -> 48.380822 | V33: ='PDO vs Net Luck'!B44 -> 100.1 | W33: ='PDO vs Net Luck'!C44 -> -2.2 | X33: ='PDO vs Net Luck'!D44 -> 1.6253373
A34: R | B34: =CORREL(Data!E2:E33,Data!S2:S33) -> 0.69936324 | J34: =Data!M30 -> -20.4 | K34: =Data!E30 -> 46.9 | L34: =$B$6+$B$5*J34 -> 51.373507 | M34: =Data!N30 -> -11.6 | N34: =Data!E30 -> 46.9 | O34: =$B$15+$B$14*M34 -> 54.376353 | P34: =Data!Q30 -> 39.913672 | Q34: =Data!E30 -> 46.9 | R34: =$B$24+$B$23*P34 -> 48.967684 | S34: =Data!S30 -> 44.177945 | T34: =Data!E30 -> 46.9 | U34: =$B$33+$B$32*S34 -> 51.447261 | V34: ='PDO vs Net Luck'!B45 -> 98.6 | W34: ='PDO vs Net Luck'!C45 -> -11.6 | X34: ='PDO vs Net Luck'!D45 -> -23.444401
A35: R² | B35: =RSQ(Data!E2:E33,Data!S2:S33) -> 0.48910894 | J35: =Data!M31 -> -7.6 | K35: =Data!E31 -> 46.9 | L35: =$B$6+$B$5*J35 -> 54.449896 | M35: =Data!N31 -> 4.6 | N35: =Data!E31 -> 46.9 | O35: =$B$15+$B$14*M35 -> 57.026484 | P35: =Data!Q31 -> 48.996757 | Q35: =Data!E31 -> 46.9 | R35: =$B$24+$B$23*P35 -> 55.563877 | S35: =Data!S31 -> 47.56866 | T35: =Data!E31 -> 46.9 | U35: =$B$33+$B$32*S35 -> 54.246958 | V35: ='PDO vs Net Luck'!B46 -> 100.8 | W35: ='PDO vs Net Luck'!C46 -> 4.6 | X35: ='PDO vs Net Luck'!D46 -> 13.324548
A36: Std Error | B36: =STEYX(Data!E2:E33,Data!S2:S33) -> 5.7379023 | J36: =Data!M32 -> -58.9 | K36: =Data!E32 -> 43.8 | L36: =$B$6+$B$5*J36 -> 42.120306 | M36: =Data!N32 -> 12.9 | N36: =Data!E32 -> 43.8 | O36: =$B$15+$B$14*M36 -> 58.384267 | P36: =Data!Q32 -> 36.63802 | Q36: =Data!E32 -> 43.8 | R36: =$B$24+$B$23*P36 -> 46.588885 | S36: =Data!S32 -> 33.397434 | T36: =Data!E32 -> 43.8 | U36: =$B$33+$B$32*S36 -> 42.545845 | V36: ='PDO vs Net Luck'!B47 -> 99.6 | W36: ='PDO vs Net Luck'!C47 -> 12.9 | X36: ='PDO vs Net Luck'!D47 -> -6.7312421
A37: N | B37: =COUNT(Data!E2:E33) -> 32 | J37: =Data!M33 -> -39.2 | K37: =Data!E33 -> 35 | L37: =$B$6+$B$5*J37 -> 46.855061 | M37: =Data!N33 -> -36.8 | N37: =Data!E33 -> 35 | O37: =$B$15+$B$14*M37 -> 50.253926 | P37: =Data!Q33 -> 28.248276 | Q37: =Data!E33 -> 35 | R37: =$B$24+$B$23*P37 -> 40.496201 | S37: =Data!S33 -> 38.926411 | T37: =Data!E33 -> 35 | U37: =$B$33+$B$32*S37 -> 47.111094 | V37: ='PDO vs Net Luck'!B48 -> 97.8 | W37: ='PDO vs Net Luck'!C48 -> -36.8 | X37: ='PDO vs Net Luck'!D48 -> -36.814928
A38: Equation | B38: ="PTS% = "&ROUND(B33,4)&" + "&ROUND(B32,4)&" * XPythagWin%" -> PTS% = 14.9697 + 0.8257 * XPythagWin%

Sheet PDO vs Net Luck
A1: Regression Analysis: PDO vs Net Luck
A3: Independent Variable (X): | B3: PDO
A4: Dependent Variable (Y): | B4: Net Luck
A6: Regression Statistics
A7: Slope | B7: =SLOPE(Data!N2:N33,Data!H2:H33) -> 16.713159
A8: Intercept | B8: =INTERCEPT(Data!N2:N33,Data!H2:H33) -> -1671.3619
A9: R | B9: =CORREL(Data!H2:H33,Data!N2:N33) -> 0.91720329
A10: R² | B10: =RSQ(Data!N2:N33,Data!H2:H33) -> 0.84126187
A11: Standard Error | B11: =STEYX(Data!N2:N33,Data!H2:H33) -> 9.4127404
A12: Observations | B12: =COUNT(Data!H2:H33) -> 32
A13: Regression Equation | B13: ="Net Luck = "&ROUND(B7,3)&" * PDO + "&ROUND(B8,3) -> Net Luck = 16.713 * PDO + -1671.362
A15: Data
A16: Team | B16: PDO | C16: Net Luck | D16: Predicted Net Luck | E16: Residual
A17: =Data!B2 -> Colorado Avalanche* | B17: =Data!H2 -> 101.7 | C17: =Data!N2 -> 34.5 | D17: =$B$7*B17+$B$8 -> 28.366391 | E17: =C17-D17 -> 6.1336087
A18: =Data!B3 -> Carolina Hurricanes | B18: =Data!H3 -> 98.4 | C18: =Data!N3 -> -15.1 | D18: =$B$7*B18+$B$8 -> -26.787033 | E18: =C18-D18 -> 11.687033
A19: =Data!B4 -> Dallas Stars* | B19: =Data!H4 -> 102.1 | C19: =Data!N4 -> 19.6 | D19: =$B$7*B19+$B$8 -> 35.051655 | E19: =C19-D19 -> -15.451655
A20: =Data!B5 -> Buffalo Sabres | B20: =Data!H5 -> 101.5 | C20: =Data!N5 -> 39.7 | D20: =$B$7*B20+$B$8 -> 25.02376 | E20: =C20-D20 -> 14.67624
A21: =Data!B6 -> Montreal Canadiens | B21: =Data!H6 -> 101.6 | C21: =Data!N6 -> 25.7 | D21: =$B$7*B21+$B$8 -> 26.695075 | E21: =C21-D21 -> -0.99507545
A22: =Data!B7 -> Tampa Bay Lightning | B22: =Data!H7 -> 101.7 | C22: =Data!N7 -> 25 | D22: =$B$7*B22+$B$8 -> 28.366391 | E22: =C22-D22 -> -3.3663913
A23: =Data!B8 -> Minnesota Wild* | B23: =Data!H8 -> 100.7 | C23: =Data!N8 -> 15.6 | D23: =$B$7*B23+$B$8 -> 11.653233 | E23: =C23-D23 -> 3.9467675
A24: =Data!B9 -> Boston Bruins | B24: =Data!H9 -> 101.7 | C24: =Data!N9 -> 52.5 | D24: =$B$7*B24+$B$8 -> 28.366391 | E24: =C24-D24 -> 24.133609
A25: =Data!B10 -> Pittsburgh Penguins | B25: =Data!H10 -> 101 | C25: =Data!N10 -> 9.4 | D25: =$B$7*B25+$B$8 -> 16.66718 | E25: =C25-D25 -> -7.2671802
A26: =Data!B11 -> Ottawa Senators | B26: =Data!H11 -> 99.5 | C26: =Data!N11 -> -18.8 | D26: =$B$7*B26+$B$8 -> -8.402558 | E26: =C26-D26 -> -10.397442
A27: =Data!B12 -> Philadelphia Flyers | B27: =Data!H12 -> 100.6 | C27: =Data!N12 -> -3.5 | D27: =$B$7*B27+$B$8 -> 9.9819167 | E27: =C27-D27 -> -13.481917
A28: =Data!B13 -> Washington Capitals | B28: =Data!H13 -> 101.5 | C28: =Data!N13 -> 27.5 | D28: =$B$7*B28+$B$8 -> 25.02376 | E28: =C28-D28 -> 2.4762404
... A48: =Data!B33 -> Vancouver Canucks | B48: =Data!H33 -> 97.8 | C48: =Data!N33 -> -36.8 | D48: =$B$7*B48+$B$8 -> -36.814928 | E48: =C48-D48 -> 0.014927963

Sheet Outlier Analysis
A1: Luck Analysis — Grand Scoring Across 3 Models
A2: Total = Grand Lucky − Grand Unlucky (net luck score). Luckiest sorted desc, Unluckiest sorted asc. Verdict bands use |Total|.
A4: GRAND LUCKIEST TEAMS (sorted by Total desc)
A5: Rank | B5: Team | C5: A1 Pts | D5: A2 Pts | E5: A3 Pts | F5: Total | G5: Verdict | H5: Notes
A6: =IF(LARGE('Step 1 Regressions'!$AD$9:$AD$40,1)<=0,"",1) -> 1 | B6: {=IF(LARGE('Step 1 Regressions'!$AD$9:$AD$40,1)<=0,"",INDEX('Step 1 Regressions'!$B$9:$B$40,MATCH(LARGE(('Step 1 Regressions'!$AD$9:$AD$40+ROW('Step 1 Regressions'!$AD$9:$AD$40)/1000000),1),('Step 1 Regressions'!$AD$9:$AD$40+ROW('Step 1 Regressions'!$AD$9:$AD$40)/1000000),0)))} -> Buffalo Sabres | C6: {=IF(LARGE('Step 1 Regressions'!$AD$9:$AD$40,1)<=0,"",INDEX('Step 1 Regressions'!$T$9:$T$40,MATCH(LARGE(('Step 1 Regressions'!$AD$9:$AD$40+ROW('Step 1 Regressions'!$AD$9:$AD$40)/1000000),1),('Step 1 Regressions'!$AD$9:$AD$40+ROW('Step 1 Regressions'!$AD$9:$AD$40)/1000000),0)))} -> 0 | D6: {=IF(LARGE('Step 1 Regressions'!$AD$9:$AD$40,1)<=0,"",INDEX('Step 1 Regressions'!$U$9:$U$40,MATCH(LARGE(('Step 1 Regressions'!$AD$9:$AD$40+ROW('Step 1 Regressions'!$AD$9:$AD$40)/1000000),1),('Step 1 Regressions'!$AD$9:$AD$40+ROW('Step 1 Regressions'!$AD$9:$AD$40)/1000000),0)))} -> 10 | E6: {=IF(LARGE('Step 1 Regressions'!$AD$9:$AD$40,1)<=0,"",INDEX('Step 1 Regressions'!$V$9:$V$40,MATCH(LARGE(('Step 1 Regressions'!$AD$9:$AD$40+ROW('Step 1 Regressions'!$AD$9:$AD$40)/1000000),1),('Step 1 Regressions'!$AD$9:$AD$40+ROW('Step 1 Regressions'!$AD$9:$AD$40)/1000000),0)))} -> 9 | F6: =IF(LARGE('Step 1 Regressions'!$AD$9:$AD$40,1)<=0,"",LARGE('Step 1 Regressions'!$AD$9:$AD$40,1)) -> 27 | G6: =IF(F6="","",IF(ABS(F6)>=20,"Dominant Luck Story",IF(ABS(F6)>=15,"Consistently Lucky",IF(ABS(F6)>=10,"Moderately Lucky","One-Model Signal")))) -> Dominant Luck Story | H6: =IF(F6="","",TRIM((IF(C6>0,"A1: "&C6&" pts. ","No A1 signal. "))&(IF(D6>0,"A2: "&D6&" pts. ","No A2 signal. "))&(IF(E6>0,"A3: "&E6&" pts.","No A3 signal.")))) -> No A1 signal. A2: 10 pts. A3: 9 pts.
A7: =IF(LARGE('Step 1 Regressions'!$AD$9:$AD$40,2)<=0,"",2) -> 2 | B7: {=IF(LARGE('Step 1 Regressions'!$AD$9:$AD$40,2)<=0,"",INDEX('Step 1 Regressions'!$B$9:$B$40,MATCH(LARGE(('Step 1 Regressions'!$AD$9:$AD$40+ROW('Step 1 Regressions'!$AD$9:$AD$40)/1000000),2),('Step 1 Regressions'!$AD$9:$AD$40+ROW('Step 1 Regressions'!$AD$9:$AD$40)/1000000),0)))} -> Boston Bruins | C7: {=IF(LARGE('Step 1 Regressions'!$AD$9:$AD$40,2)<=0,"",INDEX('Step 1 Regressions'!$T$9:$T$40,MATCH(LARGE(('Step 1 Regressions'!$AD$9:$AD$40+ROW('Step 1 Regressions'!$AD$9:$AD$40)/1000000),2),('Step 1 Regressions'!$AD$9:$AD$40+ROW('Step 1 Regressions'!$AD$9:$AD$40)/1000000),0)))} -> 0 | D7: {=IF(LARGE('Step 1 Regressions'!$AD$9:$AD$40,2)<=0,"",INDEX('Step 1 Regressions'!$U$9:$U$40,MATCH(LARGE(('Step 1 Regressions'!$AD$9:$AD$40+ROW('Step 1 Regressions'!$AD$9:$AD$40)/1000000),2),('Step 1 Regressions'!$AD$9:$AD$40+ROW('Step 1 Regressions'!$AD$9:$AD$40)/1000000),0)))} -> 9 | E7: {=IF(LARGE('Step 1 Regressions'!$AD$9:$AD$40,2)<=0,"",INDEX('Step 1 Regressions'!$V$9:$V$40,MATCH(LARGE(('Step 1 Regressions'!$AD$9:$AD$40+ROW('Step 1 Regressions'!$AD$9:$AD$40)/1000000),2),('Step 1 Regressions'!$AD$9:$AD$40+ROW('Step 1 Regressions'!$AD$9:$AD$40)/1000000),0)))} -> 10 | F7: =IF(LARGE('Step 1 Regressions'!$AD$9:$AD$40,2)<=0,"",LARGE('Step 1 Regressions'!$AD$9:$AD$40,2)) -> 25 | G7: =IF(F7="","",IF(ABS(F7)>=20,"Dominant Luck Story",IF(ABS(F7)>=15,"Consistently Lucky",IF(ABS(F7)>=10,"Moderately Lucky","One-Model Signal")))) -> Dominant Luck Story | H7: =IF(F7="","",TRIM((IF(C7>0,"A1: "&C7&" pts. ","No A1 signal. "))&(IF(D7>0,"A2: "&D7&" pts. ","No A2 signal. "))&(IF(E7>0,"A3: "&E7&" pts.","No A3 signal.")))) -> No A1 signal. A2: 9 pts. A3: 10 pts.
A8: =IF(LARGE('Step 1 Regressions'!$AD$9:$AD$40,3)<=0,"",3) -> 3 | B8: {=IF(LARGE('Step 1 Regressions'!$AD$9:$AD$40,3)<=0,"",INDEX('Step 1 Regressions'!$B$9:$B$40,MATCH(LARGE(('Step 1 Regressions'!$AD$9:$AD$40+ROW('Step 1 Regressions'!$AD$9:$AD$40)/1000000),3),('Step 1 Regressions'!$AD$9:$AD$40+ROW('Step 1 Regressions'!$AD$9:$AD$40)/1000000),0)))} -> Colorado Avalanche* | C8: {=IF(LARGE('Step 1 Regressions'!$AD$9:$AD$40,3)<=0,"",INDEX('Step 1 Regressions'!$T$9:$T$40,MATCH(LARGE(('Step 1 Regressions'!$AD$9:$AD$40+ROW('Step 1 Regressions'!$AD$9:$AD$40)/1000000),3),('Step 1 Regressions'!$AD$9:$AD$40+ROW('Step 1 Regressions'!$AD$9:$AD$40)/1000000),0)))} -> 8 | D8: {=IF(LARGE('Step 1 Regressions'!$AD$9:$AD$40,3)<=0,"",INDEX('Step 1 Regressions'!$U$9:$U$40,MATCH(LARGE(('Step 1 Regressions'!$AD$9:$AD$40+ROW('Step 1 Regressions'!$AD$9:$AD$40)/1000000),3),('Step 1 Regressions'!$AD$9:$AD$40+ROW('Step 1 Regressions'!$AD$9:$AD$40)/1000000),0)))} -> 4 | E8: {=IF(LARGE('Step 1 Regressions'!$AD$9:$AD$40,3)<=0,"",INDEX('Step 1 Regressions'!$V$9:$V$40,MATCH(LARGE(('Step 1 Regressions'!$AD$9:$AD$40+ROW('Step 1 Regressions'!$AD$9:$AD$40)/1000000),3),('Step 1 Regressions'!$AD$9:$AD$40+ROW('Step 1 Regressions'!$AD$9:$AD$40)/1000000),0)))} -> 7 | F8: =IF(LARGE('Step 1 Regressions'!$AD$9:$AD$40,3)<=0,"",LARGE('Step 1 Regressions'!$AD$9:$AD$40,3)) -> 22 | G8: =IF(F8="","",IF(ABS(F8)>=20,"Dominant Luck Story",IF(ABS(F8)>=15,"Consistently Lucky",IF(ABS(F8)>=10,"Moderately Lucky","One-Model Signal")))) -> Dominant Luck Story | H8: =IF(F8="","",TRIM((IF(C8>0,"A1: "&C8&" pts. ","No A1 signal. "))&(IF(D8>0,"A2: "&D8&" pts. ","No A2 signal. "))&(IF(E8>0,"A3: "&E8&" pts.","No A3 signal.")))) -> A1: 8 pts. A2: 4 pts. A3: 7 pts.
A9: =IF(LARGE('Step 1 Regressions'!$AD$9:$AD$40,4)<=0,"",4) -> 4 | B9: {=IF(LARGE('Step 1 Regressions'!$AD$9:$AD$40,4)<=0,"",INDEX('Step 1 Regressions'!$B$9:$B$40,MATCH(LARGE(('Step 1 Regressions'!$AD$9:$AD$40+ROW('Step 1 Regressions'!$AD$9:$AD$40)/1000000),4),('Step 1 Regressions'!$AD$9:$AD$40+ROW('Step 1 Regressions'!$AD$9:$AD$40)/1000000),0)))} -> Carolina Hurricanes | C9: {=IF(LARGE('Step 1 Regressions'!$AD$9:$AD$40,4)<=0,"",INDEX('Step 1 Regressions'!$T$9:$T$40,MATCH(LARGE(('Step 1 Regressions'!$AD$9:$AD$40+ROW('Step 1 Regressions'!$AD$9:$AD$40)/1000000),4),('Step 1 Regressions'!$AD$9:$AD$40+ROW('Step 1 Regressions'!$AD$9:$AD$40)/1000000),0)))} -> 10 | D9: {=IF(LARGE('Step 1 Regressions'!$AD$9:$AD$40,4)<=0,"",INDEX('Step 1 Regressions'!$U$9:$U$40,MATCH(LARGE(('Step 1 Regressions'!$AD$9:$AD$40+ROW('Step 1 Regressions'!$AD$9:$AD$40)/1000000),4),('Step 1 Regressions'!$AD$9:$AD$40+ROW('Step 1 Regressions'!$AD$9:$AD$40)/1000000),0)))} -> 3 | E9: {=IF(LARGE('Step 1 Regressions'!$AD$9:$AD$40,4)<=0,"",INDEX('Step 1 Regressions'!$V$9:$V$40,MATCH(LARGE(('Step 1 Regressions'!$AD$9:$AD$40+ROW('Step 1 Regressions'!$AD$9:$AD$40)/1000000),4),('Step 1 Regressions'!$AD$9:$AD$40+ROW('Step 1 Regressions'!$AD$9:$AD$40)/1000000),0)))} -> 0 | F9: =IF(LARGE('Step 1 Regressions'!$AD$9:$AD$40,4)<=0,"",LARGE('Step 1 Regressions'!$AD$9:$AD$40,4)) -> 19 | G9: =IF(F9="","",IF(ABS(F9)>=20,"Dominant Luck Story",IF(ABS(F9)>=15,"Consistently Lucky",IF(ABS(F9)>=10,"Moderately Lucky","One-Model Signal")))) -> Consistently Lucky | H9: =IF(F9="","",TRIM((IF(C9>0,"A1: "&C9&" pts. ","No A1 signal. "))&(IF(D9>0,"A2: "&D9&" pts. ","No A2 signal. "))&(IF(E9>0,"A3: "&E9&" pts.","No A3 signal.")))) -> A1: 10 pts. A2: 3 pts. No A3 signal.
A10: =IF(LARGE('Step 1 Regressions'!$AD$9:$AD$40,5)<=0,"",5) -> 5 | B10: {=IF(LARGE('Step 1 Regressions'!$AD$9:$AD$40,5)<=0,"",INDEX('Step 1 Regressions'!$B$9:$B$40,MATCH(LARGE(('Step 1 Regressions'!$AD$9:$AD$40+ROW('Step 1 Regressions'!$AD$9:$AD$40)/1000000),5),('Step 1 Regressions'!$AD$9:$AD$40+ROW('Step 1 Regressions'!$AD$9:$AD$40)/1000000),0)))} -> Montreal Canadiens | C10: {=IF(LARGE('Step 1 Regressions'!$AD$9:$AD$40,5)<=0,"",INDEX('Step 1 Regressions'!$T$9:$T$40,MATCH(LARGE(('Step 1 Regressions'!$AD$9:$AD$40+ROW('Step 1 Regressions'!$AD$9:$AD$40)/1000000),5),('Step 1 Regressions'!$AD$9:$AD$40+ROW('Step 1 Regressions'!$AD$9:$AD$40)/1000000),0)))} -> 3 | D10: {=IF(LARGE('Step 1 Regressions'!$AD$9:$AD$40,5)<=0,"",INDEX('Step 1 Regressions'!$U$9:$U$40,MATCH(LARGE(('Step 1 Regressions'!$AD$9:$AD$40+ROW('Step 1 Regressions'!$AD$9:$AD$40)/1000000),5),('Step 1 Regressions'!$AD$9:$AD$40+ROW('Step 1 Regressions'!$AD$9:$AD$40)/1000000),0)))} -> 8 | E10: {=IF(LARGE('Step 1 Regressions'!$AD$9:$AD$40,5)<=0,"",INDEX('Step 1 Regressions'!$V$9:$V$40,MATCH(LARGE(('Step 1 Regressions'!$AD$9:$AD$40+ROW('Step 1 Regressions'!$AD$9:$AD$40)/1000000),5),('Step 1 Regressions'!$AD$9:$AD$40+ROW('Step 1 Regressions'!$AD$9:$AD$40)/1000000),0)))} -> 6 | F10: =IF(LARGE('Step 1 Regressions'!$AD$9:$AD$40,5)<=0,"",LARGE('Step 1 Regressions'!$AD$9:$AD$40,5)) -> 17 | G10: =IF(F10="","",IF(ABS(F10)>=20,"Dominant Luck Story",IF(ABS(F10)>=15,"Consistently Lucky",IF(ABS(F10)>=10,"Moderately Lucky","One-Model Signal")))) -> Consistently Lucky | H10: =IF(F10="","",TRIM((IF(C10>0,"A1: "&C10&" pts. ","No A1 signal. "))&(IF(D10>0,"A2: "&D10&" pts. ","No A2 signal. "))&(IF(E10>0,"A3: "&E10&" pts.","No A3 signal.")))) -> A1: 3 pts. A2: 8 pts. A3: 6 pts.
A11: =IF(LARGE('Step 1 Regressions'!$AD$9:$AD$40,6)<=0,"",6) -> 6 | B11: {=IF(LARGE('Step 1 Regressions'!$AD$9:$AD$40,6)<=0,"",INDEX('Step 1 Regressions'!$B$9:$B$40,MATCH(LARGE(('Step 1 Regressions'!$AD$9:$AD$40+ROW('Step 1 Regressions'!$AD$9:$AD$40)/1000000),6),('Step 1 Regressions'!$AD$9:$AD$40+ROW('Step 1 Regressions'!$AD$9:$AD$40)/1000000),0)))} -> Minnesota Wild* | C11: {=IF(LARGE('Step 1 Regressions'!$AD$9:$AD$40,6)<=0,"",INDEX('Step 1 Regressions'!$T$9:$T$40,MATCH(LARGE(('Step 1 Regressions'!$AD$9:$AD$40+ROW('Step 1 Regressions'!$AD$9:$AD$40)/1000000),6),('Step 1 Regressions'!$AD$9:$AD$40+ROW('Step 1 Regressions'!$AD$9:$AD$40)/1000000),0)))} -> 4 | D11: {=IF(LARGE('Step 1 Regressions'!$AD$9:$AD$40,6)<=0,"",INDEX('Step 1 Regressions'!$U$9:$U$40,MATCH(LARGE(('Step 1 Regressions'!$AD$9:$AD$40+ROW('Step 1 Regressions'!$AD$9:$AD$40)/1000000),6),('Step 1 Regressions'!$AD$9:$AD$40+ROW('Step 1 Regressions'!$AD$9:$AD$40)/1000000),0)))} -> 7 | E11: {=IF(LARGE('Step 1 Regressions'!$AD$9:$AD$40,6)<=0,"",INDEX('Step 1 Regressions'!$V$9:$V$40,MATCH(LARGE(('Step 1 Regressions'!$AD$9:$AD$40+ROW('Step 1 Regressions'!$AD$9:$AD$40)/1000000),6),('Step 1 Regressions'!$AD$9:$AD$40+ROW('Step 1 Regressions'!$AD$9:$AD$40)/1000000),0)))} -> 2 | F11: =IF(LARGE('Step 1 Regressions'!$AD$9:$AD$40,6)<=0,"",LARGE('Step 1 Regressions'!$AD$9:$AD$40,6)) -> 15 | G11: =IF(F11="","",IF(ABS(F11)>=20,"Dominant Luck Story",IF(ABS(F11)>=15,"Consistently Lucky",IF(ABS(F11)>=10,"Moderately Lucky","One-Model Signal")))) -> Consistently Lucky | H11: =IF(F11="","",TRIM((IF(C11>0,"A1: "&C11&" pts. ","No A1 signal. "))&(IF(D11>0,"A2: "&D11&" pts. ","No A2 signal. "))&(IF(E11>0,"A3: "&E11&" pts.","No A3 signal.")))) -> A1: 4 pts. A2: 7 pts. A3: 2 pts.
A12: =IF(LARGE('Step 1 Regressions'!$AD$9:$AD$40,7)<=0,"",7) -> 7 | B12: {=IF(LARGE('Step 1 Regressions'!$AD$9:$AD$40,7)<=0,"",INDEX('Step 1 Regressions'!$B$9:$B$40,MATCH(LARGE(('Step 1 Regressions'!$AD$9:$AD$40+ROW('Step 1 Regressions'!$AD$9:$AD$40)/1000000),7),('Step 1 Regressions'!$AD$9:$AD$40+ROW('Step 1 Regressions'!$AD$9:$AD$40)/1000000),0)))} -> Tampa Bay Lightning | C12: {=IF(LARGE('Step 1 Regressions'!$AD$9:$AD$40,7)<=0,"",INDEX('Step 1 Regressions'!$T$9:$T$40,MATCH(LARGE(('Step 1 Regressions'!$AD$9:$AD$40+ROW('Step 1 Regressions'!$AD$9:$AD$40)/1000000),7),('Step 1 Regressions'!$AD$9:$AD$40+ROW('Step 1 Regressions'!$AD$9:$AD$40)/1000000),0)))} -> 2 | D12: {=IF(LARGE('Step 1 Regressions'!$AD$9:$AD$40,7)<=0,"",INDEX('Step 1 Regressions'!$U$9:$U$40,MATCH(LARGE(('Step 1 Regressions'!$AD$9:$AD$40+ROW('Step 1 Regressions'!$AD$9:$AD$40)/1000000),7),('Step 1 Regressions'!$AD$9:$AD$40+ROW('Step 1 Regressions'!$AD$9:$AD$40)/1000000),0)))} -> 4 | E12: {=IF(LARGE('Step 1 Regressions'!$AD$9:$AD$40,7)<=0,"",INDEX('Step 1 Regressions'!$V$9:$V$40,MATCH(LARGE(('Step 1 Regressions'!$AD$9:$AD$40+ROW('Step 1 Regressions'!$AD$9:$AD$40)/1000000),7),('Step 1 Regressions'!$AD$9:$AD$40+ROW('Step 1 Regressions'!$AD$9:$AD$40)/1000000),0)))} -> 5 | F12: =IF(LARGE('Step 1 Regressions'!$AD$9:$AD$40,7)<=0,"",LARGE('Step 1 Regressions'!$AD$9:$AD$40,7)) -> 11 | G12: =IF(F12="","",IF(ABS(F12)>=20,"Dominant Luck Story",IF(ABS(F12)>=15,"Consistently Lucky",IF(ABS(F12)>=10,"Moderately Lucky","One-Model Signal")))) -> Moderately Lucky | H12: =IF(F12="","",TRIM((IF(C12>0,"A1: "&C12&" pts. ","No A1 signal. "))&(IF(D12>0,"A2: "&D12&" pts. ","No A2 signal. "))&(IF(E12>0,"A3: "&E12&" pts.","No A3 signal.")))) -> A1: 2 pts. A2: 4 pts. A3: 5 pts.
A13: =IF(LARGE('Step 1 Regressions'!$AD$9:$AD$40,8)<=0,"",8) -> 8 | B13: {=IF(LARGE('Step 1 Regressions'!$AD$9:$AD$40,8)<=0,"",INDEX('Step 1 Regressions'!$B$9:$B$40,MATCH(LARGE(('Step 1 Regressions'!$AD$9:$AD$40+ROW('Step 1 Regressions'!$AD$9:$AD$40)/1000000),8),('Step 1 Regressions'!$AD$9:$AD$40+ROW('Step 1 Regressions'!$AD$9:$AD$40)/1000000),0)))} -> Dallas Stars* | C13: {=IF(LARGE('Step 1 Regressions'!$AD$9:$AD$40,8)<=0,"",INDEX('Step 1 Regressions'!$T$9:$T$40,MATCH(LARGE(('Step 1 Regressions'!$AD$9:$AD$40+ROW('Step 1 Regressions'!$AD$9:$AD$40)/1000000),8),('Step 1 Regressions'!$AD$9:$AD$40+ROW('Step 1 Regressions'!$AD$9:$AD$40)/1000000),0)))} -> 8 | D13: {=IF(LARGE('Step 1 Regressions'!$AD$9:$AD$40,8)<=0,"",INDEX('Step 1 Regressions'!$U$9:$U$40,MATCH(LARGE(('Step 1 Regressions'!$AD$9:$AD$40+ROW('Step 1 Regressions'!$AD$9:$AD$40)/1000000),8),('Step 1 Regressions'!$AD$9:$AD$40+ROW('Step 1 Regressions'!$AD$9:$AD$40)/1000000),0)))} -> 6 | E13: {=IF(LARGE('Step 1 Regressions'!$AD$9:$AD$40,8)<=0,"",INDEX('Step 1 Regressions'!$V$9:$V$40,MATCH(LARGE(('Step 1 Regressions'!$AD$9:$AD$40+ROW('Step 1 Regressions'!$AD$9:$AD$40)/1000000),8),('Step 1 Regressions'!$AD$9:$AD$40+ROW('Step 1 Regressions'!$AD$9:$AD$40)/1000000),0)))} -> 4 | F13: =IF(LARGE('Step 1 Regressions'!$AD$9:$AD$40,8)<=0,"",LARGE('Step 1 Regressions'!$AD$9:$AD$40,8)) -> 8 | G13: =IF(F13="","",IF(ABS(F13)>=20,"Dominant Luck Story",IF(ABS(F13)>=15,"Consistently Lucky",IF(ABS(F13)>=10,"Moderately Lucky","One-Model Signal")))) -> One-Model Signal | H13: =IF(F13="","",TRIM((IF(C13>0,"A1: "&C13&" pts. ","No A1 signal. "))&(IF(D13>0,"A2: "&D13&" pts. ","No A2 signal. "))&(IF(E13>0,"A3: "&E13&" pts.","No A3 signal.")))) -> A1: 8 pts. A2: 6 pts. A3: 4 pts.
A14: =IF(LARGE('Step 1 Regressions'!$AD$9:$AD$40,9)<=0,"",9) -> 9 | B14: {=IF(LARGE('Step 1 Regressions'!$AD$9:$AD$40,9)<=0,"",INDEX('Step 1 Regressions'!$B$9:$B$40,MATCH(LARGE(('Step 1 Regressions'!$AD$9:$AD$40+ROW('Step 1 Regressions'!$AD$9:$AD$40)/1000000),9),('Step 1 Regressions'!$AD$9:$AD$40+ROW('Step 1 Regressions'!$AD$9:$AD$40)/1000000),0)))} -> New York Islanders | C14: {=IF(LARGE('Step 1 Regressions'!$AD$9:$AD$40,9)<=0,"",INDEX('Step 1 Regressions'!$T$9:$T$40,MATCH(LARGE(('Step 1 Regressions'!$AD$9:$AD$40+ROW('Step 1 Regressions'!$AD$9:$AD$40)/1000000),9),('Step 1 Regressions'!$AD$9:$AD$40+ROW('Step 1 Regressions'!$AD$9:$AD$40)/1000000),0)))} -> 0 | D14: {=IF(LARGE('Step 1 Regressions'!$AD$9:$AD$40,9)<=0,"",INDEX('Step 1 Regressions'!$U$9:$U$40,MATCH(LARGE(('Step 1 Regressions'!$AD$9:$AD$40+ROW('Step 1 Regressions'!$AD$9:$AD$40)/1000000),9),('Step 1 Regressions'!$AD$9:$AD$40+ROW('Step 1 Regressions'!$AD$9:$AD$40)/1000000),0)))} -> 2 | E14: {=IF(LARGE('Step 1 Regressions'!$AD$9:$AD$40,9)<=0,"",INDEX('Step 1 Regressions'!$V$9:$V$40,MATCH(LARGE(('Step 1 Regressions'!$AD$9:$AD$40+ROW('Step 1 Regressions'!$AD$9:$AD$40)/1000000),9),('Step 1 Regressions'!$AD$9:$AD$40+ROW('Step 1 Regressions'!$AD$9:$AD$40)/1000000),0)))} -> 0 | F14: =IF(LARGE('Step 1 Regressions'!$AD$9:$AD$40,9)<=0,"",LARGE('Step 1 Regressions'!$AD$9:$AD$40,9)) -> 7 | G14: =IF(F14="","",IF(ABS(F14)>=20,"Dominant Luck Story",IF(ABS(F14)>=15,"Consistently Lucky",IF(ABS(F14)>=10,"Moderately Lucky","One-Model Signal")))) -> One-Model Signal | H14: =IF(F14="","",TRIM((IF(C14>0,"A1: "&C14&" pts. ","No A1 signal. "))&(IF(D14>0,"A2: "&D14&" pts. ","No A2 signal. "))&(IF(E14>0,"A3: "&E14&" pts.","No A3 signal.")))) -> No A1 signal. A2: 2 pts. No A3 signal.
A15: =IF(LARGE('Step 1 Regressions'!$AD$9:$AD$40,10)<=0,"",10) -> 10 | B15: {=IF(LARGE('Step 1 Regressions'!$AD$9:$AD$40,10)<=0,"",INDEX('Step 1 Regressions'!$B$9:$B$40,MATCH(LARGE(('Step 1 Regressions'!$AD$9:$AD$40+ROW('Step 1 Regressions'!$AD$9:$AD$40)/1000000),10),('Step 1 Regressions'!$AD$9:$AD$40+ROW('Step 1 Regressions'!$AD$9:$AD$40)/1000000),0)))} -> Washington Capitals | C15: {=IF(LARGE('Step 1 Regressions'!$AD$9:$AD$40,10)<=0,"",INDEX('Step 1 Regressions'!$T$9:$T$40,MATCH(LARGE(('Step 1 Regressions'!$AD$9:$AD$40+ROW('Step 1 Regressions'!$AD$9:$AD$40)/1000000),10),('Step 1 Regressions'!$AD$9:$AD$40+ROW('Step 1 Regressions'!$AD$9:$AD$40)/1000000),0)))} -> 0 | D15: {=IF(LARGE('Step 1 Regressions'!$AD$9:$AD$40,10)<=0,"",INDEX('Step 1 Regressions'!$U$9:$U$40,MATCH(LARGE(('Step 1 Regressions'!$AD$9:$AD$40+ROW('Step 1 Regressions'!$AD$9:$AD$40)/1000000),10),('Step 1 Regressions'!$AD$9:$AD$40+ROW('Step 1 Regressions'!$AD$9:$AD$40)/1000000),0)))} -> 0 | E15: {=IF(LARGE('Step 1 Regressions'!$AD$9:$AD$40,10)<=0,"",INDEX('Step 1 Regressions'!$V$9:$V$40,MATCH(LARGE(('Step 1 Regressions'!$AD$9:$AD$40+ROW('Step 1 Regressions'!$AD$9:$AD$40)/1000000),10),('Step 1 Regressions'!$AD$9:$AD$40+ROW('Step 1 Regressions'!$AD$9:$AD$40)/1000000),0)))} -> 7 | F15: =IF(LARGE('Step 1 Regressions'!$AD$9:$AD$40,10)<=0,"",LARGE('Step 1 Regressions'!$AD$9:$AD$40,10)) -> 7 | G15: =IF(F15="","",IF(ABS(F15)>=20,"Dominant Luck Story",IF(ABS(F15)>=15,"Consistently Lucky",IF(ABS(F15)>=10,"Moderately Lucky","One-Model Signal")))) -> One-Model Signal | H15: =IF(F15="","",TRIM((IF(C15>0,"A1: "&C15&" pts. ","No A1 signal. "))&(IF(D15>0,"A2: "&D15&" pts. ","No A2 signal. "))&(IF(E15>0,"A3: "&E15&" pts.","No A3 signal.")))) -> No A1 signal. No A2 signal. A3: 7 pts.
A16: =IF(LARGE('Step 1 Regressions'!$AD$9:$AD$40,11)<=0,"",11) -> 11 | B16: {=IF(LARGE('Step 1 Regressions'!$AD$9:$AD$40,11)<=0,"",INDEX('Step 1 Regressions'!$B$9:$B$40,MATCH(LARGE(('Step 1 Regressions'!$AD$9:$AD$40+ROW('Step 1 Regressions'!$AD$9:$AD$40)/1000000),11),('Step 1 Regressions'!$AD$9:$AD$40+ROW('Step 1 Regressions'!$AD$9:$AD$40)/1000000),0)))} -> Columbus Blue Jackets | C16: {=IF(LARGE('Step 1 Regressions'!$AD$9:$AD$40,11)<=0,"",INDEX('Step 1 Regressions'!$T$9:$T$40,MATCH(LARGE(('Step 1 Regressions'!$AD$9:$AD$40+ROW('Step 1 Regressions'!$AD$9:$AD$40)/1000000),11),('Step 1 Regressions'!$AD$9:$AD$40+ROW('Step 1 Regressions'!$AD$9:$AD$40)/1000000),0)))} -> 0 | D16: {=IF(LARGE('Step 1 Regressions'!$AD$9:$AD$40,11)<=0,"",INDEX('Step 1 Regressions'!$U$9:$U$40,MATCH(LARGE(('Step 1 Regressions'!$AD$9:$AD$40+ROW('Step 1 Regressions'!$AD$9:$AD$40)/1000000),11),('Step 1 Regressions'!$AD$9:$AD$40+ROW('Step 1 Regressions'!$AD$9:$AD$40)/1000000),0)))} -> 0 | E16: {=IF(LARGE('Step 1 Regressions'!$AD$9:$AD$40,11)<=0,"",INDEX('Step 1 Regressions'!$V$9:$V$40,MATCH(LARGE(('Step 1 Regressions'!$AD$9:$AD$40+ROW('Step 1 Regressions'!$AD$9:$AD$40)/1000000),11),('Step 1 Regressions'!$AD$9:$AD$40+ROW('Step 1 Regressions'!$AD$9:$AD$40)/1000000),0)))} -> 0 | F16: =IF(LARGE('Step 1 Regressions'!$AD$9:$AD$40,11)<=0,"",LARGE('Step 1 Regressions'!$AD$9:$AD$40,11)) -> 3 | G16: =IF(F16="","",IF(ABS(F16)>=20,"Dominant Luck Story",IF(ABS(F16)>=15,"Consistently Lucky",IF(ABS(F16)>=10,"Moderately Lucky","One-Model Signal")))) -> One-Model Signal | H16: =IF(F16="","",TRIM((IF(C16>0,"A1: "&C16&" pts. ","No A1 signal. "))&(IF(D16>0,"A2: "&D16&" pts. ","No A2 signal. "))&(IF(E16>0,"A3: "&E16&" pts.","No A3 signal.")))) -> No A1 signal. No A2 signal. No A3 signal.
A17: =IF(LARGE('Step 1 Regressions'!$AD$9:$AD$40,12)<=0,"",12) -> 12 | B17: {=IF(LARGE('Step 1 Regressions'!$AD$9:$AD$40,12)<=0,"",INDEX('Step 1 Regressions'!$B$9:$B$40,MATCH(LARGE(('Step 1 Regressions'!$AD$9:$AD$40+ROW('Step 1 Regressions'!$AD$9:$AD$40)/1000000),12),('Step 1 Regressions'!$AD$9:$AD$40+ROW('Step 1 Regressions'!$AD$9:$AD$40)/1000000),0)))} -> Chicago Blackhawks | C17: {=IF(LARGE('Step 1 Regressions'!$AD$9:$AD$40,12)<=0,"",INDEX('Step 1 Regressions'!$T$9:$T$40,MATCH(LARGE(('Step 1 Regressions'!$AD$9:$AD$40+ROW('Step 1 Regressions'!$AD$9:$AD$40)/1000000),12),('Step 1 Regressions'!$AD$9:$AD$40+ROW('Step 1 Regressions'!$AD$9:$AD$40)/1000000),0)))} -> 0 | D17: {=IF(LARGE('Step 1 Regressions'!$AD$9:$AD$40,12)<=0,"",INDEX('Step 1 Regressions'!$U$9:$U$40,MATCH(LARGE(('Step 1 Regressions'!$AD$9:$AD$40+ROW('Step 1 Regressions'!$AD$9:$AD$40)/1000000),12),('Step 1 Regressions'!$AD$9:$AD$40+ROW('Step 1 Regressions'!$AD$9:$AD$40)/1000000),0)))} -> 1 | E17: {=IF(LARGE('Step 1 Regressions'!$AD$9:$AD$40,12)<=0,"",INDEX('Step 1 Regressions'!$V$9:$V$40,MATCH(LARGE(('Step 1 Regressions'!$AD$9:$AD$40+ROW('Step 1 Regressions'!$AD$9:$AD$40)/1000000),12),('Step 1 Regressions'!$AD$9:$AD$40+ROW('Step 1 Regressions'!$AD$9:$AD$40)/1000000),0)))} -> 1 | F17: =IF(LARGE('Step 1 Regressions'!$AD$9:$AD$40,12)<=0,"",LARGE('Step 1 Regressions'!$AD$9:$AD$40,12)) -> 2 | G17: =IF(F17="","",IF(ABS(F17)>=20,"Dominant Luck Story",IF(ABS(F17)>=15,"Consistently Lucky",IF(ABS(F17)>=10,"Moderately Lucky","One-Model Signal")))) -> One-Model Signal | H17: =IF(F17="","",TRIM((IF(C17>0,"A1: "&C17&" pts. ","No A1 signal. "))&(IF(D17>0,"A2: "&D17&" pts. ","No A2 signal. "))&(IF(E17>0,"A3: "&E17&" pts.","No A3 signal.")))) -> No A1 signal. A2: 1 pts. A3: 1 pts.
A18: =IF(LARGE('Step 1 Regressions'!$AD$9:$AD$40,13)<=0,"",13) | B18: {=IF(LARGE('Step 1 Regressions'!$AD$9:$AD$40,13)<=0,"",INDEX('Step 1 Regressions'!$B$9:$B$40,MATCH(LARGE(('Step 1 Regressions'!$AD$9:$AD$40+ROW('Step 1 Regressions'!$AD$9:$AD$40)/1000000),13),('Step 1 Regressions'!$AD$9:$AD$40+ROW('Step 1 Regressions'!$AD$9:$AD$40)/1000000),0)))} | C18: {=IF(LARGE('Step 1 Regressions'!$AD$9:$AD$40,13)<=0,"",INDEX('Step 1 Regressions'!$T$9:$T$40,MATCH(LARGE(('Step 1 Regressions'!$AD$9:$AD$40+ROW('Step 1 Regressions'!$AD$9:$AD$40)/1000000),13),('Step 1 Regressions'!$AD$9:$AD$40+ROW('Step 1 Regressions'!$AD$9:$AD$40)/1000000),0)))} | D18: {=IF(LARGE('Step 1 Regressions'!$AD$9:$AD$40,13)<=0,"",INDEX('Step 1 Regressions'!$U$9:$U$40,MATCH(LARGE(('Step 1 Regressions'!$AD$9:$AD$40+ROW('Step 1 Regressions'!$AD$9:$AD$40)/1000000),13),('Step 1 Regressions'!$AD$9:$AD$40+ROW('Step 1 Regressions'!$AD$9:$AD$40)/1000000),0)))} | E18: {=IF(LARGE('Step 1 Regressions'!$AD$9:$AD$40,13)<=0,"",INDEX('Step 1 Regressions'!$V$9:$V$40,MATCH(LARGE(('Step 1 Regressions'!$AD$9:$AD$40+ROW('Step 1 Regressions'!$AD$9:$AD$40)/1000000),13),('Step 1 Regressions'!$AD$9:$AD$40+ROW('Step 1 Regressions'!$AD$9:$AD$40)/1000000),0)))} | F18: =IF(LARGE('Step 1 Regressions'!$AD$9:$AD$40,13)<=0,"",LARGE('Step 1 Regressions'!$AD$9:$AD$40,13)) | G18: =IF(F18="","",IF(ABS(F18)>=20,"Dominant Luck Story",IF(ABS(F18)>=15,"Consistently Lucky",IF(ABS(F18)>=10,"Moderately Lucky","One-Model Signal")))) | H18: =IF(F18="","",TRIM((IF(C18>0,"A1: "&C18&" pts. ","No A1 signal. "))&(IF(D18>0,"A2: "&D18&" pts. ","No A2 signal. "))&(IF(E18>0,"A3: "&E18&" pts.","No A3 signal."))))
A19: =IF(LARGE('Step 1 Regressions'!$AD$9:$AD$40,14)<=0,"",14) | B19: {=IF(LARGE('Step 1 Regressions'!$AD$9:$AD$40,14)<=0,"",INDEX('Step 1 Regressions'!$B$9:$B$40,MATCH(LARGE(('Step 1 Regressions'!$AD$9:$AD$40+ROW('Step 1 Regressions'!$AD$9:$AD$40)/1000000),14),('Step 1 Regressions'!$AD$9:$AD$40+ROW('Step 1 Regressions'!$AD$9:$AD$40)/1000000),0)))} | C19: {=IF(LARGE('Step 1 Regressions'!$AD$9:$AD$40,14)<=0,"",INDEX('Step 1 Regressions'!$T$9:$T$40,MATCH(LARGE(('Step 1 Regressions'!$AD$9:$AD$40+ROW('Step 1 Regressions'!$AD$9:$AD$40)/1000000),14),('Step 1 Regressions'!$AD$9:$AD$40+ROW('Step 1 Regressions'!$AD$9:$AD$40)/1000000),0)))} | D19: {=IF(LARGE('Step 1 Regressions'!$AD$9:$AD$40,14)<=0,"",INDEX('Step 1 Regressions'!$U$9:$U$40,MATCH(LARGE(('Step 1 Regressions'!$AD$9:$AD$40+ROW('Step 1 Regressions'!$AD$9:$AD$40)/1000000),14),('Step 1 Regressions'!$AD$9:$AD$40+ROW('Step 1 Regressions'!$AD$9:$AD$40)/1000000),0)))} | E19: {=IF(LARGE('Step 1 Regressions'!$AD$9:$AD$40,14)<=0,"",INDEX('Step 1 Regressions'!$V$9:$V$40,MATCH(LARGE(('Step 1 Regressions'!$AD$9:$AD$40+ROW('Step 1 Regressions'!$AD$9:$AD$40)/1000000),14),('Step 1 Regressions'!$AD$9:$AD$40+ROW('Step 1 Regressions'!$AD$9:$AD$40)/1000000),0)))} | F19: =IF(LARGE('Step 1 Regressions'!$AD$9:$AD$40,14)<=0,"",LARGE('Step 1 Regressions'!$AD$9:$AD$40,14)) | G19: =IF(F19="","",IF(ABS(F19)>=20,"Dominant Luck Story",IF(ABS(F19)>=15,"Consistently Lucky",IF(ABS(F19)>=10,"Moderately Lucky","One-Model Signal")))) | H19: =IF(F19="","",TRIM((IF(C19>0,"A1: "&C19&" pts. ","No A1 signal. "))&(IF(D19>0,"A2: "&D19&" pts. ","No A2 signal. "))&(IF(E19>0,"A3: "&E19&" pts.","No A3 signal."))))
A20: =IF(LARGE('Step 1 Regressions'!$AD$9:$AD$40,15)<=0,"",15) | B20: {=IF(LARGE('Step 1 Regressions'!$AD$9:$AD$40,15)<=0,"",INDEX('Step 1 Regressions'!$B$9:$B$40,MATCH(LARGE(('Step 1 Regressions'!$AD$9:$AD$40+ROW('Step 1 Regressions'!$AD$9:$AD$40)/1000000),15),('Step 1 Regressions'!$AD$9:$AD$40+ROW('Step 1 Regressions'!$AD$9:$AD$40)/1000000),0)))} | C20: {=IF(LARGE('Step 1 Regressions'!$AD$9:$AD$40,15)<=0,"",INDEX('Step 1 Regressions'!$T$9:$T$40,MATCH(LARGE(('Step 1 Regressions'!$AD$9:$AD$40+ROW('Step 1 Regressions'!$AD$9:$AD$40)/1000000),15),('Step 1 Regressions'!$AD$9:$AD$40+ROW('Step 1 Regressions'!$AD$9:$AD$40)/1000000),0)))} | D20: {=IF(LARGE('Step 1 Regressions'!$AD$9:$AD$40,15)<=0,"",INDEX('Step 1 Regressions'!$U$9:$U$40,MATCH(LARGE(('Step 1 Regressions'!$AD$9:$AD$40+ROW('Step 1 Regressions'!$AD$9:$AD$40)/1000000),15),('Step 1 Regressions'!$AD$9:$AD$40+ROW('Step 1 Regressions'!$AD$9:$AD$40)/1000000),0)))} | E20: {=IF(LARGE('Step 1 Regressions'!$AD$9:$AD$40,15)<=0,"",INDEX('Step 1 Regressions'!$V$9:$V$40,MATCH(LARGE(('Step 1 Regressions'!$AD$9:$AD$40+ROW('Step 1 Regressions'!$AD$9:$AD$40)/1000000),15),('Step 1 Regressions'!$AD$9:$AD$40+ROW('Step 1 Regressions'!$AD$9:$AD$40)/1000000),0)))} | F20: =IF(LARGE('Step 1 Regressions'!$AD$9:$AD$40,15)<=0,"",LARGE('Step 1 Regressions'!$AD$9:$AD$40,15)) | G20: =IF(F20="","",IF(ABS(F20)>=20,"Dominant Luck Story",IF(ABS(F20)>=15,"Consistently Lucky",IF(ABS(F20)>=10,"Moderately Lucky","One-Model Signal")))) | H20: =IF(F20="","",TRIM((IF(C20>0,"A1: "&C20&" pts. ","No A1 signal. "))&(IF(D20>0,"A2: "&D20&" pts. ","No A2 signal. "))&(IF(E20>0,"A3: "&E20&" pts.","No A3 signal."))))
A21: Rank | B21: Team | C21: A1 Pts | D21: A2 Pts | E21: A3 Pts | F21: Total | G21: Verdict | H21: Notes
A22: =IF(SMALL('Step 1 Regressions'!$AD$9:$AD$40,1)>=0,"",1) -> 1 | B22: {=IF(SMALL('Step 1 Regressions'!$AD$9:$AD$40,1)>=0,"",INDEX('Step 1 Regressions'!$B$9:$B$40,MATCH(SMALL(('Step 1 Regressions'!$AD$9:$AD$40+ROW('Step 1 Regressions'!$AD$9:$AD$40)/1000000),1),('Step 1 Regressions'!$AD$9:$AD$40+ROW('Step 1 Regressions'!$AD$9:$AD$40)/1000000),0)))} -> Vancouver Canucks | C22: {=IF(SMALL('Step 1 Regressions'!$AD$9:$AD$40,1)>=0,"",INDEX('Step 1 Regressions'!$X$9:$X$40,MATCH(SMALL(('Step 1 Regressions'!$AD$9:$AD$40+ROW('Step 1 Regressions'!$AD$9:$AD$40)/1000000),1),('Step 1 Regressions'!$AD$9:$AD$40+ROW('Step 1 Regressions'!$AD$9:$AD$40)/1000000),0)))} -> 10 | D22: {=IF(SMALL('Step 1 Regressions'!$AD$9:$AD$40,1)>=0,"",INDEX('Step 1 Regressions'!$Y$9:$Y$40,MATCH(SMALL(('Step 1 Regressions'!$AD$9:$AD$40+ROW('Step 1 Regressions'!$AD$9:$AD$40)/1000000),1),('Step 1 Regressions'!$AD$9:$AD$40+ROW('Step 1 Regressions'!$AD$9:$AD$40)/1000000),0)))} -> 10 | E22: {=IF(SMALL('Step 1 Regressions'!$AD$9:$AD$40,1)>=0,"",INDEX('Step 1 Regressions'!$Z$9:$Z$40,MATCH(SMALL(('Step 1 Regressions'!$AD$9:$AD$40+ROW('Step 1 Regressions'!$AD$9:$AD$40)/1000000),1),('Step 1 Regressions'!$AD$9:$AD$40+ROW('Step 1 Regressions'!$AD$9:$AD$40)/1000000),0)))} -> 9 | F22: =IF(SMALL('Step 1 Regressions'!$AD$9:$AD$40,1)>=0,"",SMALL('Step 1 Regressions'!$AD$9:$AD$40,1)) -> -29 | G22: =IF(F22="","",IF(ABS(F22)>=20,"Dominant Luck Story",IF(ABS(F22)>=15,"Consistently Unlucky",IF(ABS(F22)>=10,"Moderately Unlucky","One-Model Signal")))) -> Dominant Luck Story | H22: =IF(F22="","",TRIM((IF(C22>0,"A1: "&C22&" pts. ","No A1 signal. "))&(IF(D22>0,"A2: "&D22&" pts. ","No A2 signal. "))&(IF(E22>0,"A3: "&E22&" pts.","No A3 signal.")))) -> A1: 10 pts. A2: 10 pts. A3: 9 pts.
A23: =IF(SMALL('Step 1 Regressions'!$AD$9:$AD$40,2)>=0,"",2) -> 2 | B23: {=IF(SMALL('Step 1 Regressions'!$AD$9:$AD$40,2)>=0,"",INDEX('Step 1 Regressions'!$B$9:$B$40,MATCH(SMALL(('Step 1 Regressions'!$AD$9:$AD$40+ROW('Step 1 Regressions'!$AD$9:$AD$40)/1000000),2),('Step 1 Regressions'!$AD$9:$AD$40+ROW('Step 1 Regressions'!$AD$9:$AD$40)/1000000),0)))} -> New York Rangers | C23: {=IF(SMALL('Step 1 Regressions'!$AD$9:$AD$40,2)>=0,"",INDEX('Step 1 Regressions'!$X$9:$X$40,MATCH(SMALL(('Step 1 Regressions'!$AD$9:$AD$40+ROW('Step 1 Regressions'!$AD$9:$AD$40)/1000000),2),('Step 1 Regressions'!$AD$9:$AD$40+ROW('Step 1 Regressions'!$AD$9:$AD$40)/1000000),0)))} -> 8 | D23: {=IF(SMALL('Step 1 Regressions'!$AD$9:$AD$40,2)>=0,"",INDEX('Step 1 Regressions'!$Y$9:$Y$40,MATCH(SMALL(('Step 1 Regressions'!$AD$9:$AD$40+ROW('Step 1 Regressions'!$AD$9:$AD$40)/1000000),2),('Step 1 Regressions'!$AD$9:$AD$40+ROW('Step 1 Regressions'!$AD$9:$AD$40)/1000000),0)))} -> 9 | E23: {=IF(SMALL('Step 1 Regressions'!$AD$9:$AD$40,2)>=0,"",INDEX('Step 1 Regressions'!$Z$9:$Z$40,MATCH(SMALL(('Step 1 Regressions'!$AD$9:$AD$40+ROW('Step 1 Regressions'!$AD$9:$AD$40)/1000000),2),('Step 1 Regressions'!$AD$9:$AD$40+ROW('Step 1 Regressions'!$AD$9:$AD$40)/1000000),0)))} -> 0 | F23: =IF(SMALL('Step 1 Regressions'!$AD$9:$AD$40,2)>=0,"",SMALL('Step 1 Regressions'!$AD$9:$AD$40,2)) -> -23 | G23: =IF(F23="","",IF(ABS(F23)>=20,"Dominant Luck Story",IF(ABS(F23)>=15,"Consistently Unlucky",IF(ABS(F23)>=10,"Moderately Unlucky","One-Model Signal")))) -> Dominant Luck Story | H23: =IF(F23="","",TRIM((IF(C23>0,"A1: "&C23&" pts. ","No A1 signal. "))&(IF(D23>0,"A2: "&D23&" pts. ","No A2 signal. "))&(IF(E23>0,"A3: "&E23&" pts.","No A3 signal.")))) -> A1: 8 pts. A2: 9 pts. No A3 signal.
A24: =IF(SMALL('Step 1 Regressions'!$AD$9:$AD$40,3)>=0,"",3) -> 3 | B24: {=IF(SMALL('Step 1 Regressions'!$AD$9:$AD$40,3)>=0,"",INDEX('Step 1 Regressions'!$B$9:$B$40,MATCH(SMALL(('Step 1 Regressions'!$AD$9:$AD$40+ROW('Step 1 Regressions'!$AD$9:$AD$40)/1000000),3),('Step 1 Regressions'!$AD$9:$AD$40+ROW('Step 1 Regressions'!$AD$9:$AD$40)/1000000),0)))} -> St. Louis Blues | C24: {=IF(SMALL('Step 1 Regressions'!$AD$9:$AD$40,3)>=0,"",INDEX('Step 1 Regressions'!$X$9:$X$40,MATCH(SMALL(('Step 1 Regressions'!$AD$9:$AD$40+ROW('Step 1 Regressions'!$AD$9:$AD$40)/1000000),3),('Step 1 Regressions'!$AD$9:$AD$40+ROW('Step 1 Regressions'!$AD$9:$AD$40)/1000000),0)))} -> 2 | D24: {=IF(SMALL('Step 1 Regressions'!$AD$9:$AD$40,3)>=0,"",INDEX('Step 1 Regressions'!$Y$9:$Y$40,MATCH(SMALL(('Step 1 Regressions'!$AD$9:$AD$40+ROW('Step 1 Regressions'!$AD$9:$AD$40)/1000000),3),('Step 1 Regressions'!$AD$9:$AD$40+ROW('Step 1 Regressions'!$AD$9:$AD$40)/1000000),0)))} -> 6 | E24: {=IF(SMALL('Step 1 Regressions'!$AD$9:$AD$40,3)>=0,"",INDEX('Step 1 Regressions'!$Z$9:$Z$40,MATCH(SMALL(('Step 1 Regressions'!$AD$9:$AD$40+ROW('Step 1 Regressions'!$AD$9:$AD$40)/1000000),3),('Step 1 Regressions'!$AD$9:$AD$40+ROW('Step 1 Regressions'!$AD$9:$AD$40)/1000000),0)))} -> 0 | F24: =IF(SMALL('Step 1 Regressions'!$AD$9:$AD$40,3)>=0,"",SMALL('Step 1 Regressions'!$AD$9:$AD$40,3)) -> -13 | G24: =IF(F24="","",IF(ABS(F24)>=20,"Dominant Luck Story",IF(ABS(F24)>=15,"Consistently Unlucky",IF(ABS(F24)>=10,"Moderately Unlucky","One-Model Signal")))) -> Moderately Unlucky | H24: =IF(F24="","",TRIM((IF(C24>0,"A1: "&C24&" pts. ","No A1 signal. "))&(IF(D24>0,"A2: "&D24&" pts. ","No A2 signal. "))&(IF(E24>0,"A3: "&E24&" pts.","No A3 signal.")))) -> A1: 2 pts. A2: 6 pts. No A3 signal.
A25: =IF(SMALL('Step 1 Regressions'!$AD$9:$AD$40,4)>=0,"",4) -> 4 | B25: {=IF(SMALL('Step 1 Regressions'!$AD$9:$AD$40,4)>=0,"",INDEX('Step 1 Regressions'!$B$9:$B$40,MATCH(SMALL(('Step 1 Regressions'!$AD$9:$AD$40+ROW('Step 1 Regressions'!$AD$9:$AD$40)/1000000),4),('Step 1 Regressions'!$AD$9:$AD$40+ROW('Step 1 Regressions'!$AD$9:$AD$40)/1000000),0)))} -> Vegas Golden Knights | C25: {=IF(SMALL('Step 1 Regressions'!$AD$9:$AD$40,4)>=0,"",INDEX('Step 1 Regressions'!$X$9:$X$40,MATCH(SMALL(('Step 1 Regressions'!$AD$9:$AD$40+ROW('Step 1 Regressions'!$AD$9:$AD$40)/1000000),4),('Step 1 Regressions'!$AD$9:$AD$40+ROW('Step 1 Regressions'!$AD$9:$AD$40)/1000000),0)))} -> 0 | D25: {=IF(SMALL('Step 1 Regressions'!$AD$9:$AD$40,4)>=0,"",INDEX('Step 1 Regressions'!$Y$9:$Y$40,MATCH(SMALL(('Step 1 Regressions'!$AD$9:$AD$40+ROW('Step 1 Regressions'!$AD$9:$AD$40)/1000000),4),('Step 1 Regressions'!$AD$9:$AD$40+ROW('Step 1 Regressions'!$AD$9:$AD$40)/1000000),0)))} -> 8 | E25: {=IF(SMALL('Step 1 Regressions'!$AD$9:$AD$40,4)>=0,"",INDEX('Step 1 Regressions'!$Z$9:$Z$40,MATCH(SMALL(('Step 1 Regressions'!$AD$9:$AD$40+ROW('Step 1 Regressions'!$AD$9:$AD$40)/1000000),4),('Step 1 Regressions'!$AD$9:$AD$40+ROW('Step 1 Regressions'!$AD$9:$AD$40)/1000000),0)))} -> 8 | F25: =IF(SMALL('Step 1 Regressions'!$AD$9:$AD$40,4)>=0,"",SMALL('Step 1 Regressions'!$AD$9:$AD$40,4)) -> -12 | G25: =IF(F25="","",IF(ABS(F25)>=20,"Dominant Luck Story",IF(ABS(F25)>=15,"Consistently Unlucky",IF(ABS(F25)>=10,"Moderately Unlucky","One-Model Signal")))) -> Moderately Unlucky | H25: =IF(F25="","",TRIM((IF(C25>0,"A1: "&C25&" pts. ","No A1 signal. "))&(IF(D25>0,"A2: "&D25&" pts. ","No A2 signal. "))&(IF(E25>0,"A3: "&E25&" pts.","No A3 signal.")))) -> No A1 signal. A2: 8 pts. A3: 8 pts.
A26: =IF(SMALL('Step 1 Regressions'!$AD$9:$AD$40,5)>=0,"",5) -> 5 | B26: {=IF(SMALL('Step 1 Regressions'!$AD$9:$AD$40,5)>=0,"",INDEX('Step 1 Regressions'!$B$9:$B$40,MATCH(SMALL(('Step 1 Regressions'!$AD$9:$AD$40+ROW('Step 1 Regressions'!$AD$9:$AD$40)/1000000),5),('Step 1 Regressions'!$AD$9:$AD$40+ROW('Step 1 Regressions'!$AD$9:$AD$40)/1000000),0)))} -> Utah Mammoth | C26: {=IF(SMALL('Step 1 Regressions'!$AD$9:$AD$40,5)>=0,"",INDEX('Step 1 Regressions'!$X$9:$X$40,MATCH(SMALL(('Step 1 Regressions'!$AD$9:$AD$40+ROW('Step 1 Regressions'!$AD$9:$AD$40)/1000000),5),('Step 1 Regressions'!$AD$9:$AD$40+ROW('Step 1 Regressions'!$AD$9:$AD$40)/1000000),0)))} -> 0 | D26: {=IF(SMALL('Step 1 Regressions'!$AD$9:$AD$40,5)>=0,"",INDEX('Step 1 Regressions'!$Y$9:$Y$40,MATCH(SMALL(('Step 1 Regressions'!$AD$9:$AD$40+ROW('Step 1 Regressions'!$AD$9:$AD$40)/1000000),5),('Step 1 Regressions'!$AD$9:$AD$40+ROW('Step 1 Regressions'!$AD$9:$AD$40)/1000000),0)))} -> 7 | E26: {=IF(SMALL('Step 1 Regressions'!$AD$9:$AD$40,5)>=0,"",INDEX('Step 1 Regressions'!$Z$9:$Z$40,MATCH(SMALL(('Step 1 Regressions'!$AD$9:$AD$40+ROW('Step 1 Regressions'!$AD$9:$AD$40)/1000000),5),('Step 1 Regressions'!$AD$9:$AD$40+ROW('Step 1 Regressions'!$AD$9:$AD$40)/1000000),0)))} -> 0 | F26: =IF(SMALL('Step 1 Regressions'!$AD$9:$AD$40,5)>=0,"",SMALL('Step 1 Regressions'!$AD$9:$AD$40,5)) -> -11 | G26: =IF(F26="","",IF(ABS(F26)>=20,"Dominant Luck Story",IF(ABS(F26)>=15,"Consistently Unlucky",IF(ABS(F26)>=10,"Moderately Unlucky","One-Model Signal")))) -> Moderately Unlucky | H26: =IF(F26="","",TRIM((IF(C26>0,"A1: "&C26&" pts. ","No A1 signal. "))&(IF(D26>0,"A2: "&D26&" pts. ","No A2 signal. "))&(IF(E26>0,"A3: "&E26&" pts.","No A3 signal.")))) -> No A1 signal. A2: 7 pts. No A3 signal.
A27: =IF(SMALL('Step 1 Regressions'!$AD$9:$AD$40,6)>=0,"",6) -> 6 | B27: {=IF(SMALL('Step 1 Regressions'!$AD$9:$AD$40,6)>=0,"",INDEX('Step 1 Regressions'!$B$9:$B$40,MATCH(SMALL(('Step 1 Regressions'!$AD$9:$AD$40+ROW('Step 1 Regressions'!$AD$9:$AD$40)/1000000),6),('Step 1 Regressions'!$AD$9:$AD$40+ROW('Step 1 Regressions'!$AD$9:$AD$40)/1000000),0)))} -> Florida Panthers | C27: {=IF(SMALL('Step 1 Regressions'!$AD$9:$AD$40,6)>=0,"",INDEX('Step 1 Regressions'!$X$9:$X$40,MATCH(SMALL(('Step 1 Regressions'!$AD$9:$AD$40+ROW('Step 1 Regressions'!$AD$9:$AD$40)/1000000),6),('Step 1 Regressions'!$AD$9:$AD$40+ROW('Step 1 Regressions'!$AD$9:$AD$40)/1000000),0)))} -> 0 | D27: {=IF(SMALL('Step 1 Regressions'!$AD$9:$AD$40,6)>=0,"",INDEX('Step 1 Regressions'!$Y$9:$Y$40,MATCH(SMALL(('Step 1 Regressions'!$AD$9:$AD$40+ROW('Step 1 Regressions'!$AD$9:$AD$40)/1000000),6),('Step 1 Regressions'!$AD$9:$AD$40+ROW('Step 1 Regressions'!$AD$9:$AD$40)/1000000),0)))} -> 5 | E27: {=IF(SMALL('Step 1 Regressions'!$AD$9:$AD$40,6)>=0,"",INDEX('Step 1 Regressions'!$Z$9:$Z$40,MATCH(SMALL(('Step 1 Regressions'!$AD$9:$AD$40+ROW('Step 1 Regressions'!$AD$9:$AD$40)/1000000),6),('Step 1 Regressions'!$AD$9:$AD$40+ROW('Step 1 Regressions'!$AD$9:$AD$40)/1000000),0)))} -> 6 | F27: =IF(SMALL('Step 1 Regressions'!$AD$9:$AD$40,6)>=0,"",SMALL('Step 1 Regressions'!$AD$9:$AD$40,6)) -> -11 | G27: =IF(F27="","",IF(ABS(F27)>=20,"Dominant Luck Story",IF(ABS(F27)>=15,"Consistently Unlucky",IF(ABS(F27)>=10,"Moderately Unlucky","One-Model Signal")))) -> Moderately Unlucky | H27: =IF(F27="","",TRIM((IF(C27>0,"A1: "&C27&" pts. ","No A1 signal. "))&(IF(D27>0,"A2: "&D27&" pts. ","No A2 signal. "))&(IF(E27>0,"A3: "&E27&" pts.","No A3 signal.")))) -> No A1 signal. A2: 5 pts. A3: 6 pts.
A28: =IF(SMALL('Step 1 Regressions'!$AD$9:$AD$40,7)>=0,"",7) -> 7 | B28: {=IF(SMALL('Step 1 Regressions'!$AD$9:$AD$40,7)>=0,"",INDEX('Step 1 Regressions'!$B$9:$B$40,MATCH(SMALL(('Step 1 Regressions'!$AD$9:$AD$40+ROW('Step 1 Regressions'!$AD$9:$AD$40)/1000000),7),('Step 1 Regressions'!$AD$9:$AD$40+ROW('Step 1 Regressions'!$AD$9:$AD$40)/1000000),0)))} -> Philadelphia Flyers | C28: {=IF(SMALL('Step 1 Regressions'!$AD$9:$AD$40,7)>=0,"",INDEX('Step 1 Regressions'!$X$9:$X$40,MATCH(SMALL(('Step 1 Regressions'!$AD$9:$AD$40+ROW('Step 1 Regressions'!$AD$9:$AD$40)/1000000),7),('Step 1 Regressions'!$AD$9:$AD$40+ROW('Step 1 Regressions'!$AD$9:$AD$40)/1000000),0)))} -> 0 | D28: {=IF(SMALL('Step 1 Regressions'!$AD$9:$AD$40,7)>=0,"",INDEX('Step 1 Regressions'!$Y$9:$Y$40,MATCH(SMALL(('Step 1 Regressions'!$AD$9:$AD$40+ROW('Step 1 Regressions'!$AD$9:$AD$40)/1000000),7),('Step 1 Regressions'!$AD$9:$AD$40+ROW('Step 1 Regressions'!$AD$9:$AD$40)/1000000),0)))} -> 0 | E28: {=IF(SMALL('Step 1 Regressions'!$AD$9:$AD$40,7)>=0,"",INDEX('Step 1 Regressions'!$Z$9:$Z$40,MATCH(SMALL(('Step 1 Regressions'!$AD$9:$AD$40+ROW('Step 1 Regressions'!$AD$9:$AD$40)/1000000),7),('Step 1 Regressions'!$AD$9:$AD$40+ROW('Step 1 Regressions'!$AD$9:$AD$40)/1000000),0)))} -> 0 | F28: =IF(SMALL('Step 1 Regressions'!$AD$9:$AD$40,7)>=0,"",SMALL('Step 1 Regressions'!$AD$9:$AD$40,7)) -> -9 | G28: =IF(F28="","",IF(ABS(F28)>=20,"Dominant Luck Story",IF(ABS(F28)>=15,"Consistently Unlucky",IF(ABS(F28)>=10,"Moderately Unlucky","One-Model Signal")))) -> One-Model Signal | H28: =IF(F28="","",TRIM((IF(C28>0,"A1: "&C28&" pts. ","No A1 signal. "))&(IF(D28>0,"A2: "&D28&" pts. ","No A2 signal. "))&(IF(E28>0,"A3: "&E28&" pts.","No A3 signal.")))) -> No A1 signal. No A2 signal. No A3 signal.
A29: =IF(SMALL('Step 1 Regressions'!$AD$9:$AD$40,8)>=0,"",8) -> 8 | B29: {=IF(SMALL('Step 1 Regressions'!$AD$9:$AD$40,8)>=0,"",INDEX('Step 1 Regressions'!$B$9:$B$40,MATCH(SMALL(('Step 1 Regressions'!$AD$9:$AD$40+ROW('Step 1 Regressions'!$AD$9:$AD$40)/1000000),8),('Step 1 Regressions'!$AD$9:$AD$40+ROW('Step 1 Regressions'!$AD$9:$AD$40)/1000000),0)))} -> New Jersey Devils | C29: {=IF(SMALL('Step 1 Regressions'!$AD$9:$AD$40,8)>=0,"",INDEX('Step 1 Regressions'!$X$9:$X$40,MATCH(SMALL(('Step 1 Regressions'!$AD$9:$AD$40+ROW('Step 1 Regressions'!$AD$9:$AD$40)/1000000),8),('Step 1 Regressions'!$AD$9:$AD$40+ROW('Step 1 Regressions'!$AD$9:$AD$40)/1000000),0)))} -> 0 | D29: {=IF(SMALL('Step 1 Regressions'!$AD$9:$AD$40,8)>=0,"",INDEX('Step 1 Regressions'!$Y$9:$Y$40,MATCH(SMALL(('Step 1 Regressions'!$AD$9:$AD$40+ROW('Step 1 Regressions'!$AD$9:$AD$40)/1000000),8),('Step 1 Regressions'!$AD$9:$AD$40+ROW('Step 1 Regressions'!$AD$9:$AD$40)/1000000),0)))} -> 0 | E29: {=IF(SMALL('Step 1 Regressions'!$AD$9:$AD$40,8)>=0,"",INDEX('Step 1 Regressions'!$Z$9:$Z$40,MATCH(SMALL(('Step 1 Regressions'!$AD$9:$AD$40+ROW('Step 1 Regressions'!$AD$9:$AD$40)/1000000),8),('Step 1 Regressions'!$AD$9:$AD$40+ROW('Step 1 Regressions'!$AD$9:$AD$40)/1000000),0)))} -> 10 | F29: =IF(SMALL('Step 1 Regressions'!$AD$9:$AD$40,8)>=0,"",SMALL('Step 1 Regressions'!$AD$9:$AD$40,8)) -> -9 | G29: =IF(F29="","",IF(ABS(F29)>=20,"Dominant Luck Story",IF(ABS(F29)>=15,"Consistently Unlucky",IF(ABS(F29)>=10,"Moderately Unlucky","One-Model Signal")))) -> One-Model Signal | H29: =IF(F29="","",TRIM((IF(C29>0,"A1: "&C29&" pts. ","No A1 signal. "))&(IF(D29>0,"A2: "&D29&" pts. ","No A2 signal. "))&(IF(E29>0,"A3: "&E29&" pts.","No A3 signal.")))) -> No A1 signal. No A2 signal. A3: 10 pts.
A30: =IF(SMALL('Step 1 Regressions'!$AD$9:$AD$40,9)>=0,"",9) -> 9 | B30: {=IF(SMALL('Step 1 Regressions'!$AD$9:$AD$40,9)>=0,"",INDEX('Step 1 Regressions'!$B$9:$B$40,MATCH(SMALL(('Step 1 Regressions'!$AD$9:$AD$40+ROW('Step 1 Regressions'!$AD$9:$AD$40)/1000000),9),('Step 1 Regressions'!$AD$9:$AD$40+ROW('Step 1 Regressions'!$AD$9:$AD$40)/1000000),0)))} -> San Jose Sharks | C30: {=IF(SMALL('Step 1 Regressions'!$AD$9:$AD$40,9)>=0,"",INDEX('Step 1 Regressions'!$X$9:$X$40,MATCH(SMALL(('Step 1 Regressions'!$AD$9:$AD$40+ROW('Step 1 Regressions'!$AD$9:$AD$40)/1000000),9),('Step 1 Regressions'!$AD$9:$AD$40+ROW('Step 1 Regressions'!$AD$9:$AD$40)/1000000),0)))} -> 0 | D30: {=IF(SMALL('Step 1 Regressions'!$AD$9:$AD$40,9)>=0,"",INDEX('Step 1 Regressions'!$Y$9:$Y$40,MATCH(SMALL(('Step 1 Regressions'!$AD$9:$AD$40+ROW('Step 1 Regressions'!$AD$9:$AD$40)/1000000),9),('Step 1 Regressions'!$AD$9:$AD$40+ROW('Step 1 Regressions'!$AD$9:$AD$40)/1000000),0)))} -> 0 | E30: {=IF(SMALL('Step 1 Regressions'!$AD$9:$AD$40,9)>=0,"",INDEX('Step 1 Regressions'!$Z$9:$Z$40,MATCH(SMALL(('Step 1 Regressions'!$AD$9:$AD$40+ROW('Step 1 Regressions'!$AD$9:$AD$40)/1000000),9),('Step 1 Regressions'!$AD$9:$AD$40+ROW('Step 1 Regressions'!$AD$9:$AD$40)/1000000),0)))} -> 0 | F30: =IF(SMALL('Step 1 Regressions'!$AD$9:$AD$40,9)>=0,"",SMALL('Step 1 Regressions'!$AD$9:$AD$40,9)) -> -8 | G30: =IF(F30="","",IF(ABS(F30)>=20,"Dominant Luck Story",IF(ABS(F30)>=15,"Consistently Unlucky",IF(ABS(F30)>=10,"Moderately Unlucky","One-Model Signal")))) -> One-Model Signal | H30: =IF(F30="","",TRIM((IF(C30>0,"A1: "&C30&" pts. ","No A1 signal. "))&(IF(D30>0,"A2: "&D30&" pts. ","No A2 signal. "))&(IF(E30>0,"A3: "&E30&" pts.","No A3 signal.")))) -> No A1 signal. No A2 signal. No A3 signal.
A31: =IF(SMALL('Step 1 Regressions'!$AD$9:$AD$40,10)>=0,"",10) -> 10 | B31: {=IF(SMALL('Step 1 Regressions'!$AD$9:$AD$40,10)>=0,"",INDEX('Step 1 Regressions'!$B$9:$B$40,MATCH(SMALL(('Step 1 Regressions'!$AD$9:$AD$40+ROW('Step 1 Regressions'!$AD$9:$AD$40)/1000000),10),('Step 1 Regressions'!$AD$9:$AD$40+ROW('Step 1 Regressions'!$AD$9:$AD$40)/1000000),0)))} -> Ottawa Senators | C31: {=IF(SMALL('Step 1 Regressions'!$AD$9:$AD$40,10)>=0,"",INDEX('Step 1 Regressions'!$X$9:$X$40,MATCH(SMALL(('Step 1 Regressions'!$AD$9:$AD$40+ROW('Step 1 Regressions'!$AD$9:$AD$40)/1000000),10),('Step 1 Regressions'!$AD$9:$AD$40+ROW('Step 1 Regressions'!$AD$9:$AD$40)/1000000),0)))} -> 0 | D31: {=IF(SMALL('Step 1 Regressions'!$AD$9:$AD$40,10)>=0,"",INDEX('Step 1 Regressions'!$Y$9:$Y$40,MATCH(SMALL(('Step 1 Regressions'!$AD$9:$AD$40+ROW('Step 1 Regressions'!$AD$9:$AD$40)/1000000),10),('Step 1 Regressions'!$AD$9:$AD$40+ROW('Step 1 Regressions'!$AD$9:$AD$40)/1000000),0)))} -> 4 | E31: {=IF(SMALL('Step 1 Regressions'!$AD$9:$AD$40,10)>=0,"",INDEX('Step 1 Regressions'!$Z$9:$Z$40,MATCH(SMALL(('Step 1 Regressions'!$AD$9:$AD$40+ROW('Step 1 Regressions'!$AD$9:$AD$40)/1000000),10),('Step 1 Regressions'!$AD$9:$AD$40+ROW('Step 1 Regressions'!$AD$9:$AD$40)/1000000),0)))} -> 3 | F31: =IF(SMALL('Step 1 Regressions'!$AD$9:$AD$40,10)>=0,"",SMALL('Step 1 Regressions'!$AD$9:$AD$40,10)) -> -7 | G31: =IF(F31="","",IF(ABS(F31)>=20,"Dominant Luck Story",IF(ABS(F31)>=15,"Consistently Unlucky",IF(ABS(F31)>=10,"Moderately Unlucky","One-Model Signal")))) -> One-Model Signal | H31: =IF(F31="","",TRIM((IF(C31>0,"A1: "&C31&" pts. ","No A1 signal. "))&(IF(D31>0,"A2: "&D31&" pts. ","No A2 signal. "))&(IF(E31>0,"A3: "&E31&" pts.","No A3 signal.")))) -> No A1 signal. A2: 4 pts. A3: 3 pts.
A32: =IF(SMALL('Step 1 Regressions'!$AD$9:$AD$40,11)>=0,"",11) -> 11 | B32: {=IF(SMALL('Step 1 Regressions'!$AD$9:$AD$40,11)>=0,"",INDEX('Step 1 Regressions'!$B$9:$B$40,MATCH(SMALL(('Step 1 Regressions'!$AD$9:$AD$40+ROW('Step 1 Regressions'!$AD$9:$AD$40)/1000000),11),('Step 1 Regressions'!$AD$9:$AD$40+ROW('Step 1 Regressions'!$AD$9:$AD$40)/1000000),0)))} -> Edmonton Oilers | C32: {=IF(SMALL('Step 1 Regressions'!$AD$9:$AD$40,11)>=0,"",INDEX('Step 1 Regressions'!$X$9:$X$40,MATCH(SMALL(('Step 1 Regressions'!$AD$9:$AD$40+ROW('Step 1 Regressions'!$AD$9:$AD$40)/1000000),11),('Step 1 Regressions'!$AD$9:$AD$40+ROW('Step 1 Regressions'!$AD$9:$AD$40)/1000000),0)))} -> 0 | D32: {=IF(SMALL('Step 1 Regressions'!$AD$9:$AD$40,11)>=0,"",INDEX('Step 1 Regressions'!$Y$9:$Y$40,MATCH(SMALL(('Step 1 Regressions'!$AD$9:$AD$40+ROW('Step 1 Regressions'!$AD$9:$AD$40)/1000000),11),('Step 1 Regressions'!$AD$9:$AD$40+ROW('Step 1 Regressions'!$AD$9:$AD$40)/1000000),0)))} -> 2 | E32: {=IF(SMALL('Step 1 Regressions'!$AD$9:$AD$40,11)>=0,"",INDEX('Step 1 Regressions'!$Z$9:$Z$40,MATCH(SMALL(('Step 1 Regressions'!$AD$9:$AD$40+ROW('Step 1 Regressions'!$AD$9:$AD$40)/1000000),11),('Step 1 Regressions'!$AD$9:$AD$40+ROW('Step 1 Regressions'!$AD$9:$AD$40)/1000000),0)))} -> 7 | F32: =IF(SMALL('Step 1 Regressions'!$AD$9:$AD$40,11)>=0,"",SMALL('Step 1 Regressions'!$AD$9:$AD$40,11)) -> -5 | G32: =IF(F32="","",IF(ABS(F32)>=20,"Dominant Luck Story",IF(ABS(F32)>=15,"Consistently Unlucky",IF(ABS(F32)>=10,"Moderately Unlucky","One-Model Signal")))) -> One-Model Signal | H32: =IF(F32="","",TRIM((IF(C32>0,"A1: "&C32&" pts. ","No A1 signal. "))&(IF(D32>0,"A2: "&D32&" pts. ","No A2 signal. "))&(IF(E32>0,"A3: "&E32&" pts.","No A3 signal.")))) -> No A1 signal. A2: 2 pts. A3: 7 pts.
A33: =IF(SMALL('Step 1 Regressions'!$AD$9:$AD$40,12)>=0,"",12) -> 12 | B33: {=IF(SMALL('Step 1 Regressions'!$AD$9:$AD$40,12)>=0,"",INDEX('Step 1 Regressions'!$B$9:$B$40,MATCH(SMALL(('Step 1 Regressions'!$AD$9:$AD$40+ROW('Step 1 Regressions'!$AD$9:$AD$40)/1000000),12),('Step 1 Regressions'!$AD$9:$AD$40+ROW('Step 1 Regressions'!$AD$9:$AD$40)/1000000),0)))} -> Anaheim Ducks | C33: {=IF(SMALL('Step 1 Regressions'!$AD$9:$AD$40,12)>=0,"",INDEX('Step 1 Regressions'!$X$9:$X$40,MATCH(SMALL(('Step 1 Regressions'!$AD$9:$AD$40+ROW('Step 1 Regressions'!$AD$9:$AD$40)/1000000),12),('Step 1 Regressions'!$AD$9:$AD$40+ROW('Step 1 Regressions'!$AD$9:$AD$40)/1000000),0)))} -> 0 | D33: {=IF(SMALL('Step 1 Regressions'!$AD$9:$AD$40,12)>=0,"",INDEX('Step 1 Regressions'!$Y$9:$Y$40,MATCH(SMALL(('Step 1 Regressions'!$AD$9:$AD$40+ROW('Step 1 Regressions'!$AD$9:$AD$40)/1000000),12),('Step 1 Regressions'!$AD$9:$AD$40+ROW('Step 1 Regressions'!$AD$9:$AD$40)/1000000),0)))} -> 0 | E33: {=IF(SMALL('Step 1 Regressions'!$AD$9:$AD$40,12)>=0,"",INDEX('Step 1 Regressions'!$Z$9:$Z$40,MATCH(SMALL(('Step 1 Regressions'!$AD$9:$AD$40+ROW('Step 1 Regressions'!$AD$9:$AD$40)/1000000),12),('Step 1 Regressions'!$AD$9:$AD$40+ROW('Step 1 Regressions'!$AD$9:$AD$40)/1000000),0)))} -> 5 | F33: =IF(SMALL('Step 1 Regressions'!$AD$9:$AD$40,12)>=0,"",SMALL('Step 1 Regressions'!$AD$9:$AD$40,12)) -> -5 | G33: =IF(F33="","",IF(ABS(F33)>=20,"Dominant Luck Story",IF(ABS(F33)>=15,"Consistently Unlucky",IF(ABS(F33)>=10,"Moderately Unlucky","One-Model Signal")))) -> One-Model Signal | H33: =IF(F33="","",TRIM((IF(C33>0,"A1: "&C33&" pts. ","No A1 signal. "))&(IF(D33>0,"A2: "&D33&" pts. ","No A2 signal. "))&(IF(E33>0,"A3: "&E33&" pts.","No A3 signal.")))) -> No A1 signal. No A2 signal. A3: 5 pts.
A34: =IF(SMALL('Step 1 Regressions'!$AD$9:$AD$40,13)>=0,"",13) -> 13 | B34: {=IF(SMALL('Step 1 Regressions'!$AD$9:$AD$40,13)>=0,"",INDEX('Step 1 Regressions'!$B$9:$B$40,MATCH(SMALL(('Step 1 Regressions'!$AD$9:$AD$40+ROW('Step 1 Regressions'!$AD$9:$AD$40)/1000000),13),('Step 1 Regressions'!$AD$9:$AD$40+ROW('Step 1 Regressions'!$AD$9:$AD$40)/1000000),0)))} -> Toronto Maple Leafs | C34: {=IF(SMALL('Step 1 Regressions'!$AD$9:$AD$40,13)>=0,"",INDEX('Step 1 Regressions'!$X$9:$X$40,MATCH(SMALL(('Step 1 Regressions'!$AD$9:$AD$40+ROW('Step 1 Regressions'!$AD$9:$AD$40)/1000000),13),('Step 1 Regressions'!$AD$9:$AD$40+ROW('Step 1 Regressions'!$AD$9:$AD$40)/1000000),0)))} -> 5 | D34: {=IF(SMALL('Step 1 Regressions'!$AD$9:$AD$40,13)>=0,"",INDEX('Step 1 Regressions'!$Y$9:$Y$40,MATCH(SMALL(('Step 1 Regressions'!$AD$9:$AD$40+ROW('Step 1 Regressions'!$AD$9:$AD$40)/1000000),13),('Step 1 Regressions'!$AD$9:$AD$40+ROW('Step 1 Regressions'!$AD$9:$AD$40)/1000000),0)))} -> 0 | E34: {=IF(SMALL('Step 1 Regressions'!$AD$9:$AD$40,13)>=0,"",INDEX('Step 1 Regressions'!$Z$9:$Z$40,MATCH(SMALL(('Step 1 Regressions'!$AD$9:$AD$40+ROW('Step 1 Regressions'!$AD$9:$AD$40)/1000000),13),('Step 1 Regressions'!$AD$9:$AD$40+ROW('Step 1 Regressions'!$AD$9:$AD$40)/1000000),0)))} -> 0 | F34: =IF(SMALL('Step 1 Regressions'!$AD$9:$AD$40,13)>=0,"",SMALL('Step 1 Regressions'!$AD$9:$AD$40,13)) -> -5 | G34: =IF(F34="","",IF(ABS(F34)>=20,"Dominant Luck Story",IF(ABS(F34)>=15,"Consistently Unlucky",IF(ABS(F34)>=10,"Moderately Unlucky","One-Model Signal")))) -> One-Model Signal | H34: =IF(F34="","",TRIM((IF(C34>0,"A1: "&C34&" pts. ","No A1 signal. "))&(IF(D34>0,"A2: "&D34&" pts. ","No A2 signal. "))&(IF(E34>0,"A3: "&E34&" pts.","No A3 signal.")))) -> A1: 5 pts. No A2 signal. No A3 signal.
A35: =IF(SMALL('Step 1 Regressions'!$AD$9:$AD$40,14)>=0,"",14) -> 14 | B35: {=IF(SMALL('Step 1 Regressions'!$AD$9:$AD$40,14)>=0,"",INDEX('Step 1 Regressions'!$B$9:$B$40,MATCH(SMALL(('Step 1 Regressions'!$AD$9:$AD$40+ROW('Step 1 Regressions'!$AD$9:$AD$40)/1000000),14),('Step 1 Regressions'!$AD$9:$AD$40+ROW('Step 1 Regressions'!$AD$9:$AD$40)/1000000),0)))} -> Detroit Red Wings | C35: {=IF(SMALL('Step 1 Regressions'!$AD$9:$AD$40,14)>=0,"",INDEX('Step 1 Regressions'!$X$9:$X$40,MATCH(SMALL(('Step 1 Regressions'!$AD$9:$AD$40+ROW('Step 1 Regressions'!$AD$9:$AD$40)/1000000),14),('Step 1 Regressions'!$AD$9:$AD$40+ROW('Step 1 Regressions'!$AD$9:$AD$40)/1000000),0)))} -> 0 | D35: {=IF(SMALL('Step 1 Regressions'!$AD$9:$AD$40,14)>=0,"",INDEX('Step 1 Regressions'!$Y$9:$Y$40,MATCH(SMALL(('Step 1 Regressions'!$AD$9:$AD$40+ROW('Step 1 Regressions'!$AD$9:$AD$40)/1000000),14),('Step 1 Regressions'!$AD$9:$AD$40+ROW('Step 1 Regressions'!$AD$9:$AD$40)/1000000),0)))} -> 0 | E35: {=IF(SMALL('Step 1 Regressions'!$AD$9:$AD$40,14)>=0,"",INDEX('Step 1 Regressions'!$Z$9:$Z$40,MATCH(SMALL(('Step 1 Regressions'!$AD$9:$AD$40+ROW('Step 1 Regressions'!$AD$9:$AD$40)/1000000),14),('Step 1 Regressions'!$AD$9:$AD$40+ROW('Step 1 Regressions'!$AD$9:$AD$40)/1000000),0)))} -> 4 | F35: =IF(SMALL('Step 1 Regressions'!$AD$9:$AD$40,14)>=0,"",SMALL('Step 1 Regressions'!$AD$9:$AD$40,14)) -> -4 | G35: =IF(F35="","",IF(ABS(F35)>=20,"Dominant Luck Story",IF(ABS(F35)>=15,"Consistently Unlucky",IF(ABS(F35)>=10,"Moderately Unlucky","One-Model Signal")))) -> One-Model Signal | H35: =IF(F35="","",TRIM((IF(C35>0,"A1: "&C35&" pts. ","No A1 signal. "))&(IF(D35>0,"A2: "&D35&" pts. ","No A2 signal. "))&(IF(E35>0,"A3: "&E35&" pts.","No A3 signal.")))) -> No A1 signal. No A2 signal. A3: 4 pts.
A36: =IF(SMALL('Step 1 Regressions'!$AD$9:$AD$40,15)>=0,"",15) -> 15 | B36: {=IF(SMALL('Step 1 Regressions'!$AD$9:$AD$40,15)>=0,"",INDEX('Step 1 Regressions'!$B$9:$B$40,MATCH(SMALL(('Step 1 Regressions'!$AD$9:$AD$40+ROW('Step 1 Regressions'!$AD$9:$AD$40)/1000000),15),('Step 1 Regressions'!$AD$9:$AD$40+ROW('Step 1 Regressions'!$AD$9:$AD$40)/1000000),0)))} -> Winnipeg Jets | C36: {=IF(SMALL('Step 1 Regressions'!$AD$9:$AD$40,15)>=0,"",INDEX('Step 1 Regressions'!$X$9:$X$40,MATCH(SMALL(('Step 1 Regressions'!$AD$9:$AD$40+ROW('Step 1 Regressions'!$AD$9:$AD$40)/1000000),15),('Step 1 Regressions'!$AD$9:$AD$40+ROW('Step 1 Regressions'!$AD$9:$AD$40)/1000000),0)))} -> 3 | D36: {=IF(SMALL('Step 1 Regressions'!$AD$9:$AD$40,15)>=0,"",INDEX('Step 1 Regressions'!$Y$9:$Y$40,MATCH(SMALL(('Step 1 Regressions'!$AD$9:$AD$40+ROW('Step 1 Regressions'!$AD$9:$AD$40)/1000000),15),('Step 1 Regressions'!$AD$9:$AD$40+ROW('Step 1 Regressions'!$AD$9:$AD$40)/1000000),0)))} -> 1 | E36: {=IF(SMALL('Step 1 Regressions'!$AD$9:$AD$40,15)>=0,"",INDEX('Step 1 Regressions'!$Z$9:$Z$40,MATCH(SMALL(('Step 1 Regressions'!$AD$9:$AD$40+ROW('Step 1 Regressions'!$AD$9:$AD$40)/1000000),15),('Step 1 Regressions'!$AD$9:$AD$40+ROW('Step 1 Regressions'!$AD$9:$AD$40)/1000000),0)))} -> 0 | F36: =IF(SMALL('Step 1 Regressions'!$AD$9:$AD$40,15)>=0,"",SMALL('Step 1 Regressions'!$AD$9:$AD$40,15)) -> -4 | G36: =IF(F36="","",IF(ABS(F36)>=20,"Dominant Luck Story",IF(ABS(F36)>=15,"Consistently Unlucky",IF(ABS(F36)>=10,"Moderately Unlucky","One-Model Signal")))) -> One-Model Signal | H36: =IF(F36="","",TRIM((IF(C36>0,"A1: "&C36&" pts. ","No A1 signal. "))&(IF(D36>0,"A2: "&D36&" pts. ","No A2 signal. "))&(IF(E36>0,"A3: "&E36&" pts.","No A3 signal.")))) -> A1: 3 pts. A2: 1 pts. No A3 signal.
A37: GRAND SUMMARY — Top 5 Luckiest vs Top 5 Unluckiest
A38: Rank | B38: Luckiest Team | C38: Total | E38: Rank | F38: Unluckiest Team | G38: Total | H38: No Luck Teams
A39: 1 | B39: {=INDEX('Step 1 Regressions'!$B$9:$B$40,MATCH(LARGE(('Step 1 Regressions'!$AD$9:$AD$40+ROW('Step 1 Regressions'!$AD$9:$AD$40)/1000000),1),('Step 1 Regressions'!$AD$9:$AD$40+ROW('Step 1 Regressions'!$AD$9:$AD$40)/1000000),0))} -> Buffalo Sabres | C39: =LARGE('Step 1 Regressions'!$AD$9:$AD$40,1) -> 27 | E39: 1 | F39: {=INDEX('Step 1 Regressions'!$B$9:$B$40,MATCH(SMALL(('Step 1 Regressions'!$AD$9:$AD$40+ROW('Step 1 Regressions'!$AD$9:$AD$40)/1000000),1),('Step 1 Regressions'!$AD$9:$AD$40+ROW('Step 1 Regressions'!$AD$9:$AD$40)/1000000),0))} -> Vancouver Canucks | G39: =SMALL('Step 1 Regressions'!$AD$9:$AD$40,1) -> -29
A40: 2 | B40: {=INDEX('Step 1 Regressions'!$B$9:$B$40,MATCH(LARGE(('Step 1 Regressions'!$AD$9:$AD$40+ROW('Step 1 Regressions'!$AD$9:$AD$40)/1000000),2),('Step 1 Regressions'!$AD$9:$AD$40+ROW('Step 1 Regressions'!$AD$9:$AD$40)/1000000),0))} -> Boston Bruins | C40: =LARGE('Step 1 Regressions'!$AD$9:$AD$40,2) -> 25 | E40: 2 | F40: {=INDEX('Step 1 Regressions'!$B$9:$B$40,MATCH(SMALL(('Step 1 Regressions'!$AD$9:$AD$40+ROW('Step 1 Regressions'!$AD$9:$AD$40)/1000000),2),('Step 1 Regressions'!$AD$9:$AD$40+ROW('Step 1 Regressions'!$AD$9:$AD$40)/1000000),0))} -> New York Rangers | G40: =SMALL('Step 1 Regressions'!$AD$9:$AD$40,2) -> -23
A41: 3 | B41: {=INDEX('Step 1 Regressions'!$B$9:$B$40,MATCH(LARGE(('Step 1 Regressions'!$AD$9:$AD$40+ROW('Step 1 Regressions'!$AD$9:$AD$40)/1000000),3),('Step 1 Regressions'!$AD$9:$AD$40+ROW('Step 1 Regressions'!$AD$9:$AD$40)/1000000),0))} -> Colorado Avalanche* | C41: =LARGE('Step 1 Regressions'!$AD$9:$AD$40,3) -> 22 | E41: 3 | F41: {=INDEX('Step 1 Regressions'!$B$9:$B$40,MATCH(SMALL(('Step 1 Regressions'!$AD$9:$AD$40+ROW('Step 1 Regressions'!$AD$9:$AD$40)/1000000),3),('Step 1 Regressions'!$AD$9:$AD$40+ROW('Step 1 Regressions'!$AD$9:$AD$40)/1000000),0))} -> St. Louis Blues | G41: =SMALL('Step 1 Regressions'!$AD$9:$AD$40,3) -> -13
A42: 4 | B42: {=INDEX('Step 1 Regressions'!$B$9:$B$40,MATCH(LARGE(('Step 1 Regressions'!$AD$9:$AD$40+ROW('Step 1 Regressions'!$AD$9:$AD$40)/1000000),4),('Step 1 Regressions'!$AD$9:$AD$40+ROW('Step 1 Regressions'!$AD$9:$AD$40)/1000000),0))} -> Carolina Hurricanes | C42: =LARGE('Step 1 Regressions'!$AD$9:$AD$40,4) -> 19 | E42: 4 | F42: {=INDEX('Step 1 Regressions'!$B$9:$B$40,MATCH(SMALL(('Step 1 Regressions'!$AD$9:$AD$40+ROW('Step 1 Regressions'!$AD$9:$AD$40)/1000000),4),('Step 1 Regressions'!$AD$9:$AD$40+ROW('Step 1 Regressions'!$AD$9:$AD$40)/1000000),0))} -> Vegas Golden Knights | G42: =SMALL('Step 1 Regressions'!$AD$9:$AD$40,4) -> -12
A43: 5 | B43: {=INDEX('Step 1 Regressions'!$B$9:$B$40,MATCH(LARGE(('Step 1 Regressions'!$AD$9:$AD$40+ROW('Step 1 Regressions'!$AD$9:$AD$40)/1000000),5),('Step 1 Regressions'!$AD$9:$AD$40+ROW('Step 1 Regressions'!$AD$9:$AD$40)/1000000),0))} -> Montreal Canadiens | C43: =LARGE('Step 1 Regressions'!$AD$9:$AD$40,5) -> 17 | E43: 5 | F43: {=INDEX('Step 1 Regressions'!$B$9:$B$40,MATCH(SMALL(('Step 1 Regressions'!$AD$9:$AD$40+ROW('Step 1 Regressions'!$AD$9:$AD$40)/1000000),5),('Step 1 Regressions'!$AD$9:$AD$40+ROW('Step 1 Regressions'!$AD$9:$AD$40)/1000000),0))} -> Utah Mammoth | G43: =SMALL('Step 1 Regressions'!$AD$9:$AD$40,5) -> -11

Sheet Step 1 Regressions
B1: Per-Team Regressions, Residuals, Rankings, Points & Totals
B3: Regression Stats
B4: Analysis 1: PTS% ~ Net Luck | C4: Slope | D4: =SLOPE(Data!E2:E33,Data!N2:N33) -> 0.16358835 | E4: Intercept | F4: =INTERCEPT(Data!E2:E33,Data!N2:N33) -> 56.273978 | G4: R² | H4: =RSQ(Data!E2:E33,Data!N2:N33) -> 0.23178091
B5: Analysis 2: PTS% ~ xGDiff | C5: Slope | D5: =SLOPE(Data!E2:E33,Data!M2:M33) -> 0.24034289 | E5: Intercept | F5: =INTERCEPT(Data!E2:E33,Data!M2:M33) -> 56.276502 | G5: R² | H5: =RSQ(Data!E2:E33,Data!M2:M33) -> 0.49976788
B6: Analysis 3: PyThagWin% − XGDiffPythag | C6: (direct difference, no regression)
B7: Analysis 4: Net Luck ~ PDO | C7: Slope | D7: =SLOPE(Data!N2:N33,Data!H2:H33) -> 16.713159 | E7: Intercept | F7: =INTERCEPT(Data!N2:N33,Data!H2:H33) -> -1671.3619 | G7: R² | H7: =RSQ(Data!N2:N33,Data!H2:H33) -> 0.84126187
A8: Rank | B8: Team | C8: PTS% | D8: Net Luck | E8: xGDiff | F8: PyThagWin% | G8: XGDiffPythag | H8: PDO | I8: Pred PTS% (NL) | J8: Residual 1 | K8: Pred PTS% (xGD) | L8: Residual 2 | M8: Residual 3 | N8: Pred Net Luck | O8: Residual 4 | P8: Rank 1 (desc) | Q8: Rank 2 (desc) | R8: Rank 3 (desc) | S8: Rank 4 (desc) | T8: A1 Lucky Pts | U8: A2 Lucky Pts | V8: A3 Lucky Pts | W8: A4 Lucky Pts | X8: A1 Unlucky Pts | Y8: A2 Unlucky Pts | Z8: A3 Unlucky Pts | AA8: A4 Unlucky Pts | AB8: Grand Lucky | AC8: Grand Unlucky | AD8: Total Luck
A9: 1 | B9: =Data!B2 -> Colorado Avalanche* | C9: =Data!E2 -> 72.8 | D9: =Data!N2 -> 34.5 | E9: =Data!M2 -> 50.5 | F9: =Data!Q2 -> 73.713926 | G9: =Data!S2 -> 63.94697 | H9: =Data!H2 -> 101.7 | I9: =$F$4+$D$4*D9 -> 61.917776 | J9: =C9-I9 -> 10.882224 | K9: =INTERCEPT($C$9:$C$40,$E$9:$E$40)+SLOPE($C$9:$C$40,$E$9:$E$40)*E9 -> 68.413818 | L9: =C9-K9 -> 4.3861821 | M9: =F9-G9 -> 9.7669566 | N9: =$D$7*H9+$F$7 -> 28.366391 | O9: =D9-N9 -> 6.1336087 | P9: =RANK(J9,$J$9:$J$40,0)+COUNTIF($J8:J$9,J9) -> 3 | Q9: =RANK(L9,$L$9:$L$40,0)+COUNTIF($L8:L$9,L9) -> 7 | R9: =RANK(M9,$M$9:$M$40,0)+COUNTIF($M8:M$9,M9) -> 4 | S9: =RANK(O9,$O$9:$O$40,0)+COUNTIF($O8:O$9,O9) -> 8 | T9: =IF(P9<=10,11-P9,0) -> 8 | U9: =IF(Q9<=10,11-Q9,0) -> 4 | V9: =IF(R9<=10,11-R9,0) -> 7 | W9: =IF(S9<=10,11-S9,0) -> 3 | X9: =IF(P9>=23,P9-22,0) -> 0 | Y9: =IF(Q9>=23,Q9-22,0) -> 0 | Z9: =IF(R9>=23,R9-22,0) -> 0 | AA9: =IF(S9>=23,S9-22,0) -> 0 | AB9: =T9+U9+V9+W9 -> 22 | AC9: =X9+Y9+Z9+AA9 -> 0 | AD9: =AB9-AC9 -> 22
A10: 2 | B10: =Data!B3 -> Carolina Hurricanes | C10: =Data!E3 -> 68.8 | D10: =Data!N3 -> -15.1 | E10: =Data!M3 -> 37.1 | F10: =Data!Q3 -> 56.44361 | G10: =Data!S3 -> 60.317892 | H10: =Data!H3 -> 98.4 | I10: =$F$4+$D$4*D10 -> 53.803793 | J10: =C10-I10 -> 14.996207 | K10: =INTERCEPT($C$9:$C$40,$E$9:$E$40)+SLOPE($C$9:$C$40,$E$9:$E$40)*E10 -> 65.193223 | L10: =C10-K10 -> 3.6067767 | M10: =F10-G10 -> -3.8742819 | N10: =$D$7*H10+$F$7 -> -26.787033 | O10: =D10-N10 -> 11.687033 | P10: =RANK(J10,$J$9:$J$40,0)+COUNTIF($J$9:J9,J10) -> 1 | Q10: =RANK(L10,$L$9:$L$40,0)+COUNTIF($L$9:L9,L10) -> 8 | R10: =RANK(M10,$M$9:$M$40,0)+COUNTIF($M$9:M9,M10) -> 21 | S10: =RANK(O10,$O$9:$O$40,0)+COUNTIF($O9:O$9,O10) -> 5 | T10: =IF(P10<=10,11-P10,0) -> 10 | U10: =IF(Q10<=10,11-Q10,0) -> 3 | V10: =IF(R10<=10,11-R10,0) -> 0 | W10: =IF(S10<=10,11-S10,0) -> 6 | X10: =IF(P10>=23,P10-22,0) -> 0 | Y10: =IF(Q10>=23,Q10-22,0) -> 0 | Z10: =IF(R10>=23,R10-22,0) -> 0 | AA10: =IF(S10>=23,S10-22,0) -> 0 | AB10: =T10+U10+V10+W10 -> 19 | AC10: =X10+Y10+Z10+AA10 -> 0 | AD10: =AB10-AC10 -> 19
A11: 3 | B11: =Data!B4 -> Dallas Stars* | C11: =Data!E4 -> 67.5 | D11: =Data!N4 -> 19.6 | E11: =Data!M4 -> 11.4 | F11: =Data!Q4 -> 60.393699 | G11: =Data!S4 -> 53.609742 | H11: =Data!H4 -> 102.1 | I11: =$F$4+$D$4*D11 -> 59.480309 | J11: =C11-I11 -> 8.0196907 | K11: =INTERCEPT($C$9:$C$40,$E$9:$E$40)+SLOPE($C$9:$C$40,$E$9:$E$40)*E11 -> 59.016411 | L11: =C11-K11 -> 8.4835889 | M11: =F11-G11 -> 6.783957 | N11: =$D$7*H11+$F$7 -> 35.051655 | O11: =D11-N11 -> -15.451655 | P11: =RANK(J11,$J$9:$J$40,0)+COUNTIF($J$9:J10,J11) -> 3 | Q11: =RANK(L11,$L$9:$L$40,0)+COUNTIF($L$9:L10,L11) -> 5 | R11: =RANK(M11,$M$9:$M$40,0)+COUNTIF($M$9:M10,M11) -> 7 | S11: =RANK(O11,$O$9:$O$40,0)+COUNTIF($O$9:O10,O11) -> 32 | T11: =IF(P11<=10,11-P11,0) -> 8 | U11: =IF(Q11<=10,11-Q11,0) -> 6 | V11: =IF(R11<=10,11-R11,0) -> 4 | W11: =IF(S11<=10,11-S11,0) -> 0 | X11: =IF(P11>=23,P11-22,0) -> 0 | Y11: =IF(Q11>=23,Q11-22,0) -> 0 | Z11: =IF(R11>=23,R11-22,0) -> 0 | AA11: =IF(S11>=23,S11-22,0) -> 10 | AB11: =T11+U11+V11+W11 -> 18 | AC11: =X11+Y11+Z11+AA11 -> 10 | AD11: =AB11-AC11 -> 8
A12: 4 | B12: =Data!B5 -> Buffalo Sabres | C12: =Data!E5 -> 66.3 | D12: =Data!N5 -> 39.7 | E12: =Data!M5 -> -7.7 | F12: =Data!Q5 -> 59.329126 | G12: =Data!S5 -> 47.811683 | H12: =Data!H5 -> 101.5 | I12: =$F$4+$D$4*D12 -> 62.768435 | J12: =C12-I12 -> 3.5315647 | K12: =INTERCEPT($C$9:$C$40,$E$9:$E$40)+SLOPE($C$9:$C$40,$E$9:$E$40)*E12 -> 54.425862 | L12: =C12-K12 -> 11.874138 | M12: =F12-G12 -> 11.517443 | N12: =$D$7*H12+$F$7 -> 25.02376 | O12: =D12-N12 -> 14.67624 | P12: =RANK(J12,$J$9:$J$40,0)+COUNTIF($J$9:J11,J12) -> 13 | Q12: =RANK(L12,$L$9:$L$40,0)+COUNTIF($L$9:L11,L12) -> 1 | R12: =RANK(M12,$M$9:$M$40,0)+COUNTIF($M$9:M11,M12) -> 2 | S12: =RANK(O12,$O$9:$O$40,0)+COUNTIF($O$9:O11,O12) -> 3 | T12: =IF(P12<=10,11-P12,0) -> 0 | U12: =IF(Q12<=10,11-Q12,0) -> 10 | V12: =IF(R12<=10,11-R12,0) -> 9 | W12: =IF(S12<=10,11-S12,0) -> 8 | X12: =IF(P12>=23,P12-22,0) -> 0 | Y12: =IF(Q12>=23,Q12-22,0) -> 0 | Z12: =IF(R12>=23,R12-22,0) -> 0 | AA12: =IF(S12>=23,S12-22,0) -> 0 | AB12: =T12+U12+V12+W12 -> 27 | AC12: =X12+Y12+Z12+AA12 -> 0 | AD12: =AB12-AC12 -> 27
A13: 5 | B13: =Data!B6 -> Montreal Canadiens | C13: =Data!E6 -> 65.4 | D13: =Data!N6 -> 25.7 | E13: =Data!M6 -> -1.7 | F13: =Data!Q6 -> 57.023826 | G13: =Data!S6 -> 49.492702 | H13: =Data!H6 -> 101.6 | I13: =$F$4+$D$4*D13 -> 60.478198 | J13: =C13-I13 -> 4.9218017 | K13: =INTERCEPT($C$9:$C$40,$E$9:$E$40)+SLOPE($C$9:$C$40,$E$9:$E$40)*E13 -> 55.867919 | L13: =C13-K13 -> 9.5320808 | M13: =F13-G13 -> 7.5311241 | N13: =$D$7*H13+$F$7 -> 26.695075 | O13: =D13-N13 -> -0.99507545 | P13: =RANK(J13,$J$9:$J$40,0)+COUNTIF($J$9:J12,J13) -> 8 | Q13: =RANK(L13,$L$9:$L$40,0)+COUNTIF($L$9:L12,L13) -> 3 | R13: =RANK(M13,$M$9:$M$40,0)+COUNTIF($M$9:M12,M13) -> 5 | S13: =RANK(O13,$O$9:$O$40,0)+COUNTIF($O$9:O12,O13) -> 16 | T13: =IF(P13<=10,11-P13,0) -> 3 | U13: =IF(Q13<=10,11-Q13,0) -> 8 | V13: =IF(R13<=10,11-R13,0) -> 6 | W13: =IF(S13<=10,11-S13,0) -> 0 | X13: =IF(P13>=23,P13-22,0) -> 0 | Y13: =IF(Q13>=23,Q13-22,0) -> 0 | Z13: =IF(R13>=23,R13-22,0) -> 0 | AA13: =IF(S13>=23,S13-22,0) -> 0 | AB13: =T13+U13+V13+W13 -> 17 | AC13: =X13+Y13+Z13+AA13 -> 0 | AD13: =AB13-AC13 -> 17
A14: 6 | B14: =Data!B7 -> Tampa Bay Lightning | C14: =Data!E7 -> 65 | D14: =Data!N7 -> 25 | E14: =Data!M7 -> 19 | F14: =Data!Q7 -> 62.87446 | G14: =Data!S7 -> 55.577359 | H14: =Data!H7 -> 101.7 | I14: =$F$4+$D$4*D14 -> 60.363686 | J14: =C14-I14 -> 4.6363136 | K14: =INTERCEPT($C$9:$C$40,$E$9:$E$40)+SLOPE($C$9:$C$40,$E$9:$E$40)*E14 -> 60.843017 | L14: =C14-K14 -> 4.156983 | M14: =F14-G14 -> 7.2971009 | N14: =$D$7*H14+$F$7 -> 28.366391 | O14: =D14-N14 -> -3.3663913 | P14: =RANK(J14,$J$9:$J$40,0)+COUNTIF($J$9:J13,J14) -> 9 | Q14: =RANK(L14,$L$9:$L$40,0)+COUNTIF($L$9:L13,L14) -> 7 | R14: =RANK(M14,$M$9:$M$40,0)+COUNTIF($M$9:M13,M14) -> 6 | S14: =RANK(O14,$O$9:$O$40,0)+COUNTIF($O$9:O13,O14) -> 20 | T14: =IF(P14<=10,11-P14,0) -> 2 | U14: =IF(Q14<=10,11-Q14,0) -> 4 | V14: =IF(R14<=10,11-R14,0) -> 5 | W14: =IF(S14<=10,11-S14,0) -> 0 | X14: =IF(P14>=23,P14-22,0) -> 0 | Y14: =IF(Q14>=23,Q14-22,0) -> 0 | Z14: =IF(R14>=23,R14-22,0) -> 0 | AA14: =IF(S14>=23,S14-22,0) -> 0 | AB14: =T14+U14+V14+W14 -> 11 | AC14: =X14+Y14+Z14+AA14 -> 0 | AD14: =AB14-AC14 -> 11
A15: 7 | B15: =Data!B8 -> Minnesota Wild* | C15: =Data!E8 -> 63.8 | D15: =Data!N8 -> 15.6 | E15: =Data!M8 -> -4.6 | F15: =Data!Q8 -> 53.465858 | G15: =Data!S8 -> 48.677632 | H15: =Data!H8 -> 100.7 | I15: =$F$4+$D$4*D15 -> 58.825956 | J15: =C15-I15 -> 4.9740441 | K15: =INTERCEPT($C$9:$C$40,$E$9:$E$40)+SLOPE($C$9:$C$40,$E$9:$E$40)*E15 -> 55.170925 | L15: =C15-K15 -> 8.6290751 | M15: =F15-G15 -> 4.7882261 | N15: =$D$7*H15+$F$7 -> 11.653233 | O15: =D15-N15 -> 3.9467675 | P15: =RANK(J15,$J$9:$J$40,0)+COUNTIF($J$9:J14,J15) -> 7 | Q15: =RANK(L15,$L$9:$L$40,0)+COUNTIF($L$9:L14,L15) -> 4 | R15: =RANK(M15,$M$9:$M$40,0)+COUNTIF($M$9:M14,M15) -> 9 | S15: =RANK(O15,$O$9:$O$40,0)+COUNTIF($O$9:O14,O15) -> 9 | T15: =IF(P15<=10,11-P15,0) -> 4 | U15: =IF(Q15<=10,11-Q15,0) -> 7 | V15: =IF(R15<=10,11-R15,0) -> 2 | W15: =IF(S15<=10,11-S15,0) -> 2 | X15: =IF(P15>=23,P15-22,0) -> 0 | Y15: =IF(Q15>=23,Q15-22,0) -> 0 | Z15: =IF(R15>=23,R15-22,0) -> 0 | AA15: =IF(S15>=23,S15-22,0) -> 0 | AB15: =T15+U15+V15+W15 -> 15 | AC15: =X15+Y15+Z15+AA15 -> 0 | AD15: =AB15-AC15 -> 15
A16: 8 | B16: =Data!B9 -> Boston Bruins | C16: =Data!E9 -> 60.5 | D16: =Data!N9 -> 52.5 | E16: =Data!M9 -> -24.5 | F16: =Data!Q9 -> 58.474827 | G16: =Data!S9 -> 42.68877 | H16: =Data!H9 -> 101.7 | I16: =$F$4+$D$4*D16 -> 64.862366 | J16: =C16-I16 -> -4.3623662 | K16: =INTERCEPT($C$9:$C$40,$E$9:$E$40)+SLOPE($C$9:$C$40,$E$9:$E$40)*E16 -> 50.388101 | L16: =C16-K16 -> 10.111899 | M16: =F16-G16 -> 15.786057 | N16: =$D$7*H16+$F$7 -> 28.366391 | O16: =D16-N16 -> 24.133609 | P16: =RANK(J16,$J$9:$J$40,0)+COUNTIF($J$9:J15,J16) -> 26 | Q16: =RANK(L16,$L$9:$L$40,0)+COUNTIF($L$9:L15,L16) -> 2 | R16: =RANK(M16,$M$9:$M$40,0)+COUNTIF($M$9:M15,M16) -> 1 | S16: =RANK(O16,$O$9:$O$40,0)+COUNTIF($O$9:O15,O16) -> 1 | T16: =IF(P16<=10,11-P16,0) -> 0 | U16: =IF(Q16<=10,11-Q16,0) -> 9 | V16: =IF(R16<=10,11-R16,0) -> 10 | W16: =IF(S16<=10,11-S16,0) -> 10 | X16: =IF(P16>=23,P16-22,0) -> 4 | Y16: =IF(Q16>=23,Q16-22,0) -> 0 | Z16: =IF(R16>=23,R16-22,0) -> 0 | AA16: =IF(S16>=23,S16-22,0) -> 0 | AB16: =T16+U16+V16+W16 -> 29 | AC16: =X16+Y16+Z16+AA16 -> 4 | AD16: =AB16-AC16 -> 25
A17: 9 | B17: =Data!B10 -> Pittsburgh Penguins | C17: =Data!E10 -> 60.5 | D17: =Data!N10 -> 9.4 | E17: =Data!M10 -> 18.6 | F17: =Data!Q10 -> 57.647059 | G17: =Data!S10 -> 54.990201 | H17: =Data!H10 -> 101 | I17: =$F$4+$D$4*D17 -> 57.811708 | J17: =C17-I17 -> 2.6882919 | K17: =INTERCEPT($C$9:$C$40,$E$9:$E$40)+SLOPE($C$9:$C$40,$E$9:$E$40)*E17 -> 60.74688 | L17: =C17-K17 -> -0.24687984 | M17: =F17-G17 -> 2.6568581 | N17: =$D$7*H17+$F$7 -> 16.66718 | O17: =D17-N17 -> -7.2671802 | P17: =RANK(J17,$J$9:$J$40,0)+COUNTIF($J$9:J16,J17) -> 15 | Q17: =RANK(L17,$L$9:$L$40,0)+COUNTIF($L$9:L16,L17) -> 16 | R17: =RANK(M17,$M$9:$M$40,0)+COUNTIF($M$9:M16,M17) -> 12 | S17: =RANK(O17,$O$9:$O$40,0)+COUNTIF($O$9:O16,O17) -> 25 | T17: =IF(P17<=10,11-P17,0) -> 0 | U17: =IF(Q17<=10,11-Q17,0) -> 0 | V17: =IF(R17<=10,11-R17,0) -> 0 | W17: =IF(S17<=10,11-S17,0) -> 0 | X17: =IF(P17>=23,P17-22,0) -> 0 | Y17: =IF(Q17>=23,Q17-22,0) -> 0 | Z17: =IF(R17>=23,R17-22,0) -> 0 | AA17: =IF(S17>=23,S17-22,0) -> 3 | AB17: =T17+U17+V17+W17 -> 0 | AC17: =X17+Y17+Z17+AA17 -> 3 | AD17: =AB17-AC17 -> -3
A18: 10 | B18: =Data!B11 -> Ottawa Senators | C18: =Data!E11 -> 59.9 | D18: =Data!N11 -> -18.8 | E18: =Data!M11 -> 35.8 | F18: =Data!Q11 -> 54.972978 | G18: =Data!S11 -> 60.902973 | H18: =Data!H11 -> 99.5 | I18: =$F$4+$D$4*D18 -> 53.198517 | J18: =C18-I18 -> 6.7014835 | K18: =INTERCEPT($C$9:$C$40,$E$9:$E$40)+SLOPE($C$9:$C$40,$E$9:$E$40)*E18 -> 64.880777 | L18: =C18-K18 -> -4.9807775 | M18: =F18-G18 -> -5.9299956 | N18: =$D$7*H18+$F$7 -> -8.402558 | O18: =D18-N18 -> -10.397442 | P18: =RANK(J18,$J$9:$J$40,0)+COUNTIF($J$9:J17,J18) -> 4 | Q18: =RANK(L18,$L$9:$L$40,0)+COUNTIF($L$9:L17,L18) -> 26 | R18: =RANK(M18,$M$9:$M$40,0)+COUNTIF($M$9:M17,M18) -> 25 | S18: =RANK(O18,$O$9:$O$40,0)+COUNTIF($O$9:O17,O18) -> 29 | T18: =IF(P18<=10,11-P18,0) -> 7 | U18: =IF(Q18<=10,11-Q18,0) -> 0 | V18: =IF(R18<=10,11-R18,0) -> 0 | W18: =IF(S18<=10,11-S18,0) -> 0 | X18: =IF(P18>=23,P18-22,0) -> 0 | Y18: =IF(Q18>=23,Q18-22,0) -> 4 | Z18: =IF(R18>=23,R18-22,0) -> 3 | AA18: =IF(S18>=23,S18-22,0) -> 7 | AB18: =T18+U18+V18+W18 -> 7 | AC18: =X18+Y18+Z18+AA18 -> 14 | AD18: =AB18-AC18 -> -7
B19: =Data!B12 -> Philadelphia Flyers | C19: =Data!E12 -> 58.8 | D19: =Data!N12 -> -3.5 | E19: =Data!M12 -> 15.5 | F19: =Data!Q12 -> 53.941227 | G19: =Data!S12 -> 55.080476 | H19: =Data!H12 -> 100.6 | I19: =$F$4+$D$4*D19 -> 55.701418 | J19: =C19-I19 -> 3.0985817 | K19: =INTERCEPT($C$9:$C$40,$E$9:$E$40)+SLOPE($C$9:$C$40,$E$9:$E$40)*E19 -> 60.001817 | L19: =C19-K19 -> -1.2018169 | M19: =F19-G19 -> -1.1392488 | N19: =$D$7*H19+$F$7 -> 9.9819167 | O19: =D19-N19 -> -13.481917 | P19: =RANK(J19,$J$9:$J$40,0)+COUNTIF($J$9:J18,J19) -> 14 | Q19: =RANK(L19,$L$9:$L$40,0)+COUNTIF($L$9:L18,L19) -> 20 | R19: =RANK(M19,$M$9:$M$40,0)+COUNTIF($M$9:M18,M19) -> 19 | S19: =RANK(O19,$O$9:$O$40,0)+COUNTIF($O$9:O18,O19) -> 31 | T19: =IF(P19<=10,11-P19,0) -> 0 | U19: =IF(Q19<=10,11-Q19,0) -> 0 | V19: =IF(R19<=10,11-R19,0) -> 0 | W19: =IF(S19<=10,11-S19,0) -> 0 | X19: =IF(P19>=23,P19-22,0) -> 0 | Y19: =IF(Q19>=23,Q19-22,0) -> 0 | Z19: =IF(R19>=23,R19-22,0) -> 0 | AA19: =IF(S19>=23,S19-22,0) -> 9 | AB19: =T19+U19+V19+W19 -> 0 | AC19: =X19+Y19+Z19+AA19 -> 9 | AD19: =AB19-AC19 -> -9
B20: =Data!B13 -> Washington Capitals | C20: =Data!E13 -> 57.4 | D20: =Data!N13 -> 27.5 | E20: =Data!M13 -> 4.5 | F20: =Data!Q13 -> 59.781132 | G20: =Data!S13 -> 51.311345 | H20: =Data!H13 -> 101.5 | I20: =$F$4+$D$4*D20 -> 60.772657 | J20: =C20-I20 -> -3.3726573 | K20: =INTERCEPT($C$9:$C$40,$E$9:$E$40)+SLOPE($C$9:$C$40,$E$9:$E$40)*E20 -> 57.358045 | L20: =C20-K20 -> 0.041954865 | M20: =F20-G20 -> 8.4697867 | N20: =$D$7*H20+$F$7 -> 25.02376 | O20: =D20-N20 -> 2.4762404 | P20: =RANK(J20,$J$9:$J$40,0)+COUNTIF($J$9:J19,J20) -> 23 | Q20: =RANK(L20,$L$9:$L$40,0)+COUNTIF($L$9:L19,L20) -> 14 | R20: =RANK(M20,$M$9:$M$40,0)+COUNTIF($M$9:M19,M20) -> 4 | S20: =RANK(O20,$O$9:$O$40,0)+COUNTIF($O$9:O19,O20) -> 10 | T20: =IF(P20<=10,11-P20,0) -> 0 | U20: =IF(Q20<=10,11-Q20,0) -> 0 | V20: =IF(R20<=10,11-R20,0) -> 7 | W20: =IF(S20<=10,11-S20,0) -> 1 | X20: =IF(P20>=23,P20-22,0) -> 1 | Y20: =IF(Q20>=23,Q20-22,0) -> 0 | Z20: =IF(R20>=23,R20-22,0) -> 0 | AA20: =IF(S20>=23,S20-22,0) -> 0 | AB20: =T20+U20+V20+W20 -> 8 | AC20: =X20+Y20+Z20+AA20 -> 1 | AD20: =AB20-AC20 -> 7
B21: =Data!B14 -> Columbus Blue Jackets | C21: =Data!E14 -> 56.8 | D21: =Data!N14 -> 9.1 | E21: =Data!M14 -> 2.9 | F21: =Data!Q14 -> 53.588183 | G21: =Data!S14 -> 50.810229 | H21: =Data!H14 -> 100.3 | I21: =$F$4+$D$4*D21 -> 57.762632 | J21: =C21-I21 -> -0.9626316 | K21: =INTERCEPT($C$9:$C$40,$E$9:$E$40)+SLOPE($C$9:$C$40,$E$9:$E$40)*E21 -> 56.973497 | L21: =C21-K21 -> -0.17349652 | M21: =F21-G21 -> 2.7779536 | N21: =$D$7*H21+$F$7 -> 4.967969 | O21: =D21-N21 -> 4.132031 | P21: =RANK(J21,$J$9:$J$40,0)+COUNTIF($J$9:J20,J21) -> 19 | Q21: =RANK(L21,$L$9:$L$40,0)+COUNTIF($L$9:L20,L21) -> 15 | R21: =RANK(M21,$M$9:$M$40,0)+COUNTIF($M$9:M20,M21) -> 11 | S21: =RANK(O21,$O$9:$O$40,0)+COUNTIF($O$9:O20,O21) -> 8 | T21: =IF(P21<=10,11-P21,0) -> 0 | U21: =IF(Q21<=10,11-Q21,0) -> 0 | V21: =IF(R21<=10,11-R21,0) -> 0 | W21: =IF(S21<=10,11-S21,0) -> 3 | X21: =IF(P21>=23,P21-22,0) -> 0 | Y21: =IF(Q21>=23,Q21-22,0) -> 0 | Z21: =IF(R21>=23,R21-22,0) -> 0 | AA21: =IF(S21>=23,S21-22,0) -> 0 | AB21: =T21+U21+V21+W21 -> 3 | AC21: =X21+Y21+Z21+AA21 -> 0 | AD21: =AB21-AC21 -> 3
B22: =Data!B15 -> New York Islanders | C22: =Data!E15 -> 56.2 | D22: =Data!N15 -> 1.6 | E22: =Data!M15 -> -13.6 | F22: =Data!Q15 -> 46.032754 | G22: =Data!S15 -> 46.10238 | H22: =Data!H15 -> 99.5 | I22: =$F$4+$D$4*D22 -> 56.535719 | J22: =C22-I22 -> -0.33571894 | K22: =INTERCEPT($C$9:$C$40,$E$9:$E$40)+SLOPE($C$9:$C$40,$E$9:$E$40)*E22 -> 53.007839 | L22: =C22-K22 -> 3.1921611 | M22: =F22-G22 -> -0.069626113 | N22: =$D$7*H22+$F$7 -> -8.402558 | O22: =D22-N22 -> 10.002558 | P22: =RANK(J22,$J$9:$J$40,0)+COUNTIF($J$9:J21,J22) -> 17 | Q22: =RANK(L22,$L$9:$L$40,0)+COUNTIF($L$9:L21,L22) -> 9 | R22: =RANK(M22,$M$9:$M$40,0)+COUNTIF($M$9:M21,M22) -> 15 | S22: =RANK(O22,$O$9:$O$40,0)+COUNTIF($O$9:O21,O22) -> 6 | T22: =IF(P22<=10,11-P22,0) -> 0 | U22: =IF(Q22<=10,11-Q22,0) -> 2 | V22: =IF(R22<=10,11-R22,0) -> 0 | W22: =IF(S22<=10,11-S22,0) -> 5 | X22: =IF(P22>=23,P22-22,0) -> 0 | Y22: =IF(Q22>=23,Q22-22,0) -> 0 | Z22: =IF(R22>=23,R22-22,0) -> 0 | AA22: =IF(S22>=23,S22-22,0) -> 0 | AB22: =T22+U22+V22+W22 -> 7 | AC22: =X22+Y22+Z22+AA22 -> 0 | AD22: =AB22-AC22 -> 7
B23: =Data!B16 -> Detroit Red Wings | C23: =Data!E16 -> 56.9 | D23: =Data!N16 -> -18.1 | E23: =Data!M16 -> -1.9 | F23: =Data!Q16 -> 43.318685 | G23: =Data!S16 -> 49.431326 | H23: =Data!H16 -> 99.1 | I23: =$F$4+$D$4*D23 -> 53.313028 | J23: =C23-I23 -> 3.5869716 | K23: =INTERCEPT($C$9:$C$40,$E$9:$E$40)+SLOPE($C$9:$C$40,$E$9:$E$40)*E23 -> 55.819851 | L23: =C23-K23 -> 1.0801493 | M23: =F23-G23 -> -6.1126411 | N23: =$D$7*H23+$F$7 -> -15.087822 | O23: =D23-N23 -> -3.0121785 | P23: =RANK(J23,$J$9:$J$40,0)+COUNTIF($J$9:J22,J23) -> 12 | Q23: =RANK(L23,$L$9:$L$40,0)+COUNTIF($L$9:L22,L23) -> 11 | R23: =RANK(M23,$M$9:$M$40,0)+COUNTIF($M$9:M22,M23) -> 26 | S23: =RANK(O23,$O$9:$O$40,0)+COUNTIF($O$9:O22,O23) -> 19 | T23: =IF(P23<=10,11-P23,0) -> 0 | U23: =IF(Q23<=10,11-Q23,0) -> 0 | V23: =IF(R23<=10,11-R23,0) -> 0 | W23: =IF(S23<=10,11-S23,0) -> 0 | X23: =IF(P23>=23,P23-22,0) -> 0 | Y23: =IF(Q23>=23,Q23-22,0) -> 0 | Z23: =IF(R23>=23,R23-22,0) -> 4 | AA23: =IF(S23>=23,S23-22,0) -> 0 | AB23: =T23+U23+V23+W23 -> 0 | AC23: =X23+Y23+Z23+AA23 -> 4 | AD23: =AB23-AC23 -> -4
B24: =Data!B17 -> Vegas Golden Knights | C24: =Data!E17 -> 56.9 | D24: =Data!N17 -> -34.1 | E24: =Data!M17 -> 32.1 | F24: =Data!Q17 -> 49.408305 | G24: =Data!S17 -> 59.904014 | H24: =Data!H17 -> 98.3 | I24: =$F$4+$D$4*D24 -> 50.695615 | J24: =C24-I24 -> 6.2043853 | K24: =INTERCEPT($C$9:$C$40,$E$9:$E$40)+SLOPE($C$9:$C$40,$E$9:$E$40)*E24 -> 63.991509 | L24: =C24-K24 -> -7.0915088 | M24: =F24-G24 -> -10.49571 | N24: =$D$7*H24+$F$7 -> -28.458349 | O24: =D24-N24 -> -5.6416514 | P24: =RANK(J24,$J$9:$J$40,0)+COUNTIF($J$9:J23,J24) -> 5 | Q24: =RANK(L24,$L$9:$L$40,0)+COUNTIF($L$9:L23,L24) -> 30 | R24: =RANK(M24,$M$9:$M$40,0)+COUNTIF($M$9:M23,M24) -> 30 | S24: =RANK(O24,$O$9:$O$40,0)+COUNTIF($O$9:O23,O24) -> 24 | T24: =IF(P24<=10,11-P24,0) -> 6 | U24: =IF(Q24<=10,11-Q24,0) -> 0 | V24: =IF(R24<=10,11-R24,0) -> 0 | W24: =IF(S24<=10,11-S24,0) -> 0 | X24: =IF(P24>=23,P24-22,0) -> 0 | Y24: =IF(Q24>=23,Q24-22,0) -> 8 | Z24: =IF(R24>=23,R24-22,0) -> 8 | AA24: =IF(S24>=23,S24-22,0) -> 2 | AB24: =T24+U24+V24+W24 -> 6 | AC24: =X24+Y24+Z24+AA24 -> 18 | AD24: =AB24-AC24 -> -12
B25: =Data!B18 -> Edmonton Oilers | C25: =Data!E18 -> 56.3 | D25: =Data!N18 -> -32.3 | E25: =Data!M18 -> 16.3 | F25: =Data!Q18 -> 45.514678 | G25: =Data!S18 -> 54.557599 | H25: =Data!H18 -> 98.4 | I25: =$F$4+$D$4*D25 -> 50.990074 | J25: =C25-I25 -> 5.3099263 | K25: =INTERCEPT($C$9:$C$40,$E$9:$E$40)+SLOPE($C$9:$C$40,$E$9:$E$40)*E25 -> 60.194091 | L25: =C25-K25 -> -3.8940912 | M25: =F25-G25 -> -9.0429211 | N25: =$D$7*H25+$F$7 -> -26.787033 | O25: =D25-N25 -> -5.5129673 | P25: =RANK(J25,$J$9:$J$40,0)+COUNTIF($J$9:J24,J25) -> 6 | Q25: =RANK(L25,$L$9:$L$40,0)+COUNTIF($L$9:L24,L25) -> 24 | R25: =RANK(M25,$M$9:$M$40,0)+COUNTIF($M$9:M24,M25) -> 29 | S25: =RANK(O25,$O$9:$O$40,0)+COUNTIF($O$9:O24,O25) -> 23 | T25: =IF(P25<=10,11-P25,0) -> 5 | U25: =IF(Q25<=10,11-Q25,0) -> 0 | V25: =IF(R25<=10,11-R25,0) -> 0 | W25: =IF(S25<=10,11-S25,0) -> 0 | X25: =IF(P25>=23,P25-22,0) -> 0 | Y25: =IF(Q25>=23,Q25-22,0) -> 2 | Z25: =IF(R25>=23,R25-22,0) -> 7 | AA25: =IF(S25>=23,S25-22,0) -> 1 | AB25: =T25+U25+V25+W25 -> 5 | AC25: =X25+Y25+Z25+AA25 -> 10 | AD25: =AB25-AC25 -> -5
B26: =Data!B19 -> Anaheim Ducks | C26: =Data!E19 -> 56.3 | D26: =Data!N19 -> -21.9 | E26: =Data!M19 -> 3.9 | F26: =Data!Q19 -> 44.899701 | G26: =Data!S19 -> 51.095682 | H26: =Data!H19 -> 98.6 | I26: =$F$4+$D$4*D26 -> 52.691393 | J26: =C26-I26 -> 3.6086074 | K26: =INTERCEPT($C$9:$C$40,$E$9:$E$40)+SLOPE($C$9:$C$40,$E$9:$E$40)*E26 -> 57.213839 | L26: =C26-K26 -> -0.9138394 | M26: =F26-G26 -> -6.1959813 | N26: =$D$7*H26+$F$7 -> -23.444401 | O26: =D26-N26 -> 1.5444009 | P26: =RANK(J26,$J$9:$J$40,0)+COUNTIF($J$9:J25,J26) -> 11 | Q26: =RANK(L26,$L$9:$L$40,0)+COUNTIF($L$9:L25,L26) -> 18 | R26: =RANK(M26,$M$9:$M$40,0)+COUNTIF($M$9:M25,M26) -> 27 | S26: =RANK(O26,$O$9:$O$40,0)+COUNTIF($O$9:O25,O26) -> 11 | T26: =IF(P26<=10,11-P26,0) -> 0 | U26: =IF(Q26<=10,11-Q26,0) -> 0 | V26: =IF(R26<=10,11-R26,0) -> 0 | W26: =IF(S26<=10,11-S26,0) -> 0 | X26: =IF(P26>=23,P26-22,0) -> 0 | Y26: =IF(Q26>=23,Q26-22,0) -> 0 | Z26: =IF(R26>=23,R26-22,0) -> 5 | AA26: =IF(S26>=23,S26-22,0) -> 0 | AB26: =T26+U26+V26+W26 -> 0 | AC26: =X26+Y26+Z26+AA26 -> 5 | AD26: =AB26-AC26 -> -5
B27: =Data!B20 -> Utah Mammoth | C27: =Data!E20 -> 56.3 | D27: =Data!N20 -> -2.8 | E27: =Data!M20 -> 24.8 | F27: =Data!Q20 -> 56.481417 | G27: =Data!S20 -> 57.42843 | H27: =Data!H20 -> 100.3 | I27: =$F$4+$D$4*D27 -> 55.81593 | J27: =C27-I27 -> 0.48406982 | K27: =INTERCEPT($C$9:$C$40,$E$9:$E$40)+SLOPE($C$9:$C$40,$E$9:$E$40)*E27 -> 62.237006 | L27: =C27-K27 -> -5.9370057 | M27: =F27-G27 -> -0.94701263 | N27: =$D$7*H27+$F$7 -> 4.967969 | O27: =D27-N27 -> -7.767969 | P27: =RANK(J27,$J$9:$J$40,0)+COUNTIF($J$9:J26,J27) -> 16 | Q27: =RANK(L27,$L$9:$L$40,0)+COUNTIF($L$9:L26,L27) -> 29 | R27: =RANK(M27,$M$9:$M$40,0)+COUNTIF($M$9:M26,M27) -> 18 | S27: =RANK(O27,$O$9:$O$40,0)+COUNTIF($O$9:O26,O27) -> 26 | T27: =IF(P27<=10,11-P27,0) -> 0 | U27: =IF(Q27<=10,11-Q27,0) -> 0 | V27: =IF(R27<=10,11-R27,0) -> 0 | W27: =IF(S27<=10,11-S27,0) -> 0 | X27: =IF(P27>=23,P27-22,0) -> 0 | Y27: =IF(Q27>=23,Q27-22,0) -> 7 | Z27: =IF(R27>=23,R27-22,0) -> 0 | AA27: =IF(S27>=23,S27-22,0) -> 4 | AB27: =T27+U27+V27+W27 -> 0 | AC27: =X27+Y27+Z27+AA27 -> 11 | AD27: =AB27-AC27 -> -11
B28: =Data!B21 -> Los Angeles Kings | C28: =Data!E21 -> 55.1 | D28: =Data!N21 -> 2.5 | E28: =Data!M21 -> 6.5 | F28: =Data!Q21 -> 53.222453 | G28: =Data!S21 -> 52.056742 | H28: =Data!H21 -> 100.1 | I28: =$F$4+$D$4*D28 -> 56.682948 | J28: =C28-I28 -> -1.5829485 | K28: =INTERCEPT($C$9:$C$40,$E$9:$E$40)+SLOPE($C$9:$C$40,$E$9:$E$40)*E28 -> 57.838731 | L28: =C28-K28 -> -2.7387309 | M28: =F28-G28 -> 1.1657108 | N28: =$D$7*H28+$F$7 -> 1.6253373 | O28: =D28-N28 -> 0.87466274 | P28: =RANK(J28,$J$9:$J$40,0)+COUNTIF($J$9:J27,J28) -> 20 | Q28: =RANK(L28,$L$9:$L$40,0)+COUNTIF($L$9:L27,L28) -> 22 | R28: =RANK(M28,$M$9:$M$40,0)+COUNTIF($M$9:M27,M28) -> 14 | S28: =RANK(O28,$O$9:$O$40,0)+COUNTIF($O$9:O27,O28) -> 12 | T28: =IF(P28<=10,11-P28,0) -> 0 | U28: =IF(Q28<=10,11-Q28,0) -> 0 | V28: =IF(R28<=10,11-R28,0) -> 0 | W28: =IF(S28<=10,11-S28,0) -> 0 | X28: =IF(P28>=23,P28-22,0) -> 0 | Y28: =IF(Q28>=23,Q28-22,0) -> 0 | Z28: =IF(R28>=23,R28-22,0) -> 0 | AA28: =IF(S28>=23,S28-22,0) -> 0 | AB28: =T28+U28+V28+W28 -> 0 | AC28: =X28+Y28+Z28+AA28 -> 0 | AD28: =AB28-AC28 -> 0
B29: =Data!B22 -> New Jersey Devils | C29: =Data!E22 -> 53.7 | D29: =Data!N22 -> -41.5 | E29: =Data!M22 -> -1.5 | F29: =Data!Q22 -> 36.598928 | G29: =Data!S22 -> 49.580896 | H29: =Data!H22 -> 97.6 | I29: =$F$4+$D$4*D29 -> 49.485061 | J29: =C29-I29 -> 4.2149391 | K29: =INTERCEPT($C$9:$C$40,$E$9:$E$40)+SLOPE($C$9:$C$40,$E$9:$E$40)*E29 -> 55.915988 | L29: =C29-K29 -> -2.2159878 | M29: =F29-G29 -> -12.981968 | N29: =$D$7*H29+$F$7 -> -40.15756 | O29: =D29-N29 -> -1.3424403 | P29: =RANK(J29,$J$9:$J$40,0)+COUNTIF($J$9:J28,J29) -> 10 | Q29: =RANK(L29,$L$9:$L$40,0)+COUNTIF($L$9:L28,L29) -> 21 | R29: =RANK(M29,$M$9:$M$40,0)+COUNTIF($M$9:M28,M29) -> 32 | S29: =RANK(O29,$O$9:$O$40,0)+COUNTIF($O$9:O28,O29) -> 17 | T29: =IF(P29<=10,11-P29,0) -> 1 | U29: =IF(Q29<=10,11-Q29,0) -> 0 | V29: =IF(R29<=10,11-R29,0) -> 0 | W29: =IF(S29<=10,11-S29,0) -> 0 | X29: =IF(P29>=23,P29-22,0) -> 0 | Y29: =IF(Q29>=23,Q29-22,0) -> 0 | Z29: =IF(R29>=23,R29-22,0) -> 10 | AA29: =IF(S29>=23,S29-22,0) -> 0 | AB29: =T29+U29+V29+W29 -> 1 | AC29: =X29+Y29+Z29+AA29 -> 10 | AD29: =AB29-AC29 -> -9
B30: =Data!B23 -> Nashville Predators | C30: =Data!E23 -> 53.8 | D30: =Data!N23 -> -12.4 | E30: =Data!M23 -> -14.6 | F30: =Data!Q23 -> 41.698871 | G30: =Data!S23 -> 45.930825 | H30: =Data!H23 -> 99.4 | I30: =$F$4+$D$4*D30 -> 54.245482 | J30: =C30-I30 -> -0.44548198 | K30: =INTERCEPT($C$9:$C$40,$E$9:$E$40)+SLOPE($C$9:$C$40,$E$9:$E$40)*E30 -> 52.767496 | L30: =C30-K30 -> 1.032504 | M30: =F30-G30 -> -4.2319539 | N30: =$D$7*H30+$F$7 -> -10.073874 | O30: =D30-N30 -> -2.3261261 | P30: =RANK(J30,$J$9:$J$40,0)+COUNTIF($J$9:J29,J30) -> 18 | Q30: =RANK(L30,$L$9:$L$40,0)+COUNTIF($L$9:L29,L30) -> 12 | R30: =RANK(M30,$M$9:$M$40,0)+COUNTIF($M$9:M29,M30) -> 23 | S30: =RANK(O30,$O$9:$O$40,0)+COUNTIF($O$9:O29,O30) -> 18 | T30: =IF(P30<=10,11-P30,0) -> 0 | U30: =IF(Q30<=10,11-Q30,0) -> 0 | V30: =IF(R30<=10,11-R30,0) -> 0 | W30: =IF(S30<=10,11-S30,0) -> 0 | X30: =IF(P30>=23,P30-22,0) -> 0 | Y30: =IF(Q30>=23,Q30-22,0) -> 0 | Z30: =IF(R30>=23,R30-22,0) -> 1 | AA30: =IF(S30>=23,S30-22,0) -> 0 | AB30: =T30+U30+V30+W30 -> 0 | AC30: =X30+Y30+Z30+AA30 -> 1 | AD30: =AB30-AC30 -> -1
... B40: =Data!B33 -> Vancouver Canucks | C40: =Data!E33 -> 35 | D40: =Data!N33 -> -36.8 | E40: =Data!M33 -> -39.2 | F40: =Data!Q33 -> 28.248276 | G40: =Data!S33 -> 38.926411 | H40: =Data!H33 -> 97.8 | I40: =$F$4+$D$4*D40 -> 50.253926 | J40: =C40-I40 -> -15.253926 | K40: =INTERCEPT($C$9:$C$40,$E$9:$E$40)+SLOPE($C$9:$C$40,$E$9:$E$40)*E40 -> 46.855061 | L40: =C40-K40 -> -11.855061 | M40: =F40-G40 -> -10.678135 | N40: =$D$7*H40+$F$7 -> -36.814928 | O40: =D40-N40 -> 0.014927963 | P40: =RANK(J40,$J$9:$J$40,0)+COUNTIF($J$9:J39,J40) -> 32 | Q40: =RANK(L40,$L$9:$L$40,0)+COUNTIF($L$9:L39,L40) -> 32 | R40: =RANK(M40,$M$9:$M$40,0)+COUNTIF($M$9:M39,M40) -> 31 | S40: =RANK(O40,$O$9:$O$40,0)+COUNTIF($O$9:O39,O40) -> 15 | T40: =IF(P40<=10,11-P40,0) -> 0 | U40: =IF(Q40<=10,11-Q40,0) -> 0 | V40: =IF(R40<=10,11-R40,0) -> 0 | W40: =IF(S40<=10,11-S40,0) -> 0 | X40: =IF(P40>=23,P40-22,0) -> 10 | Y40: =IF(Q40>=23,Q40-22,0) -> 10 | Z40: =IF(R40>=23,R40-22,0) -> 9 | AA40: =IF(S40>=23,S40-22,0) -> 0 | AB40: =T40+U40+V40+W40 -> 0 | AC40: =X40+Y40+Z40+AA40 -> 29 | AD40: =AB40-AC40 -> -29
T46: =B8 -> Team | U46: =AD8 -> Total Luck | V46: =E8 -> xGDiff | X46: Team | Y46: =V46 -> xGDiff | Z46: Total Luck | AA46: OutlierLabel | AG46: PosX | AH46: PosY | AI46: PosTeam | AJ46: NegX | AK46: NegY | AL46: NegTeam | CA46: Team | CB46: xGDiff | CC46: Luck | CE46: GL_X | CF46: GL_Y | CG46: GL_Ab | CI46: BL_X | CJ46: BL_Y | CK46: BL_Ab | CM46: GU_X | CN46: GU_Y | CO46: GU_Ab | CQ46: BU_X | CR46: BU_Y | CS46: BU_Ab
T47: =B9 -> Colorado Avalanche* | U47: =AD9 -> 22 | V47: =E9 -> 50.5 | X47: Colorado Avalanche* | Y47: =V47 -> 50.5 | Z47: 22 | AA47: COL | AG47: 72.8 | AH47: 22 | AI47: COL | AJ47: 35 | AK47: -29 | AL47: VAN | CA47: Colorado Avalanche* | CB47: 50.5 | CC47: 22 | CE47: 50.5 | CF47: 22 | CG47: COL | CI47: -7.7 | CJ47: 27 | CK47: BUF | CM47: 32.1 | CN47: -12 | CO47: VGK | CQ47: -4.6 | CR47: -11 | CS47: FLA
T48: =B10 -> Carolina Hurricanes | U48: =AD10 -> 19 | V48: =E10 -> 37.1 | X48: Carolina Hurricanes | Y48: =V48 -> 37.1 | Z48: 19 | AA48: CAR | AG48: 66.3 | AH48: 27 | AI48: BUF | AJ48: 46.9 | AK48: -23 | AL48: NYR | CA48: Carolina Hurricanes | CB48: 37.1 | CC48: 19 | CE48: 37.1 | CF48: 19 | CG48: CAR | CI48: -1.7 | CJ48: 17 | CK48: MTL | CQ48: -2 | CR48: -13 | CS48: STL
T49: =B11 -> Dallas Stars* | U49: =AD11 -> 8 | V49: =E11 -> 11.4 | X49: Dallas Stars* | Y49: =V49 -> 11.4 | Z49: 8 | AA49: DAL | AG49: 68.8 | AH49: 19 | AI49: CAR | AJ49: 46.9 | AK49: -4 | AL49: CGY | CA49: Dallas Stars* | CB49: 11.4 | CC49: 8 | CI49: -24.5 | CJ49: 25 | CK49: BOS | CQ49: -7.6 | CR49: -23 | CS49: NYR
T50: =B12 -> Buffalo Sabres | U50: =AD12 -> 27 | V50: =E12 -> -7.7 | X50: Buffalo Sabres | Y50: =V50 -> -7.7 | Z50: 27 | AA50: BUF | AG50: 60.5 | AH50: 25 | AI50: BOS | CA50: Buffalo Sabres | CB50: -7.7 | CC50: 27 | CQ50: -39.2 | CR50: -29 | CS50: VAN
T51: =B13 -> Montreal Canadiens | U51: =AD13 -> 17 | V51: =E13 -> -1.7 | X51: Montreal Canadiens | Y51: =V51 -> -1.7 | Z51: 17 | AA51: MTL | AG51: 65.4 | AH51: 17 | AI51: MTL | CA51: Montreal Canadiens | CB51: -1.7 | CC51: 17
T52: =B14 -> Tampa Bay Lightning | U52: =AD14 -> 11 | V52: =E14 -> 19 | X52: Tampa Bay Lightning | Y52: =V52 -> 19 | Z52: 11 | AA52: TBL | AG52: 43.8 | AH52: 2 | AI52: CHI | CA52: Tampa Bay Lightning | CB52: 19 | CC52: 11
T53: =B15 -> Minnesota Wild* | U53: =AD15 -> 15 | V53: =E15 -> -4.6 | X53: Minnesota Wild* | Y53: =V53 -> -4.6 | Z53: 15 | AA53: MIN | AG53: 67.5 | AH53: 8 | AI53: DAL | CA53: Minnesota Wild* | CB53: -4.6 | CC53: 15
T54: =B16 -> Boston Bruins | U54: =AD16 -> 25 | V54: =E16 -> -24.5 | X54: Boston Bruins | Y54: =V54 -> -24.5 | Z54: 25 | AA54: BOS | AG54: 63.8 | AH54: 15 | AI54: MIN | CA54: Boston Bruins | CB54: -24.5 | CC54: 25
T55: =B17 -> Pittsburgh Penguins | U55: =AD17 -> -3 | V55: =E17 -> 18.6 | X55: Pittsburgh Penguins | Y55: =V55 -> 18.6 | Z55: -3 | AG55: 65 | AH55: 11 | AI55: TBL | CA55: Pittsburgh Penguins | CB55: 18.6 | CC55: -3
T56: =B18 -> Ottawa Senators | U56: =AD18 -> -7 | V56: =E18 -> 35.8 | X56: Ottawa Senators | Y56: =V56 -> 35.8 | Z56: -7 | CA56: Ottawa Senators | CB56: 35.8 | CC56: -7
T57: =B19 -> Philadelphia Flyers | U57: =AD19 -> -9 | V57: =E19 -> 15.5 | X57: Philadelphia Flyers | Y57: =V57 -> 15.5 | Z57: -9 | CA57: Philadelphia Flyers | CB57: 15.5 | CC57: -9
T58: =B20 -> Washington Capitals | U58: =AD20 -> 7 | V58: =E20 -> 4.5 | X58: Washington Capitals | Y58: =V58 -> 4.5 | Z58: 7 | CA58: Washington Capitals | CB58: 4.5 | CC58: 7
T59: =B21 -> Columbus Blue Jackets | U59: =AD21 -> 3 | V59: =E21 -> 2.9 | X59: Columbus Blue Jackets | Y59: =V59 -> 2.9 | Z59: 3 | CA59: Columbus Blue Jackets | CB59: 2.9 | CC59: 3
T60: =B22 -> New York Islanders | U60: =AD22 -> 7 | V60: =E22 -> -13.6 | X60: New York Islanders | Y60: =V60 -> -13.6 | Z60: 7 | CA60: New York Islanders | CB60: -13.6 | CC60: 7
T61: =B23 -> Detroit Red Wings | U61: =AD23 -> -4 | V61: =E23 -> -1.9 | X61: Detroit Red Wings | Y61: =V61 -> -1.9 | Z61: -4 | CA61: Detroit Red Wings | CB61: -1.9 | CC61: -4
T62: =B24 -> Vegas Golden Knights | U62: =AD24 -> -12 | V62: =E24 -> 32.1 | X62: Vegas Golden Knights | Y62: =V62 -> 32.1 | Z62: -12 | CA62: Vegas Golden Knights | CB62: 32.1 | CC62: -12
T63: =B25 -> Edmonton Oilers | U63: =AD25 -> -5 | V63: =E25 -> 16.3 | X63: Edmonton Oilers | Y63: =V63 -> 16.3 | Z63: -5 | CA63: Edmonton Oilers | CB63: 16.3 | CC63: -5
T64: =B26 -> Anaheim Ducks | U64: =AD26 -> -5 | V64: =E26 -> 3.9 | X64: Anaheim Ducks | Y64: =V64 -> 3.9 | Z64: -5 | CA64: Anaheim Ducks | CB64: 3.9 | CC64: -5
T65: =B27 -> Utah Mammoth | U65: =AD27 -> -11 | V65: =E27 -> 24.8 | X65: Utah Mammoth | Y65: =V65 -> 24.8 | Z65: -11 | CA65: Utah Mammoth | CB65: 24.8 | CC65: -11
T66: =B28 -> Los Angeles Kings | U66: =AD28 -> 0 | V66: =E28 -> 6.5 | X66: Los Angeles Kings | Y66: =V66 -> 6.5 | Z66: 0 | CA66: Los Angeles Kings | CB66: 6.5 | CC66: 0
T67: =B29 -> New Jersey Devils | U67: =AD29 -> -9 | V67: =E29 -> -1.5 | X67: New Jersey Devils | Y67: =V67 -> -1.5 | Z67: -9 | CA67: New Jersey Devils | CB67: -1.5 | CC67: -9
... T74: =B36 -> Toronto Maple Leafs | U74: =AD36 -> -5 | V74: =E36 -> -33.8 | X74: Toronto Maple Leafs | Y74: =V74 -> -33.8 | Z74: -5 | CA74: Toronto Maple Leafs | CB74: -33.8 | CC74: -5
T75: =B37 -> Calgary Flames | U75: =AD37 -> -4 | V75: =E37 -> -20.4 | X75: Calgary Flames | Y75: =V75 -> -20.4 | Z75: -4 | AA75: CGY | CA75: Calgary Flames | CB75: -20.4 | CC75: -4
T76: =B38 -> New York Rangers | U76: =AD38 -> -23 | V76: =E38 -> -7.6 | X76: New York Rangers | Y76: =V76 -> -7.6 | Z76: -23 | AA76: NYR | CA76: New York Rangers | CB76: -7.6 | CC76: -23
T77: =B39 -> Chicago Blackhawks | U77: =AD39 -> 2 | V77: =E39 -> -58.9 | X77: Chicago Blackhawks | Y77: =V77 -> -58.9 | Z77: 2 | AA77: CHI | CA77: Chicago Blackhawks | CB77: -58.9 | CC77: 2
T78: =B40 -> Vancouver Canucks | U78: =AD40 -> -29 | V78: =E40 -> -39.2 | X78: Vancouver Canucks | Y78: =V78 -> -39.2 | Z78: -29 | AA78: VAN | CA78: Vancouver Canucks | CB78: -39.2 | CC78: -29

Sheet Net Luck Quality Chart
A1: Team | B1: ABR | C1: xGdiff | D1: Net Luck | E1: Label | G1: Regession | H1: Residual
A2: Colorado Avalanche* | B2: COL | C2: 4.3861821 | D2: 10.882224 | E2: COL | G2: =INTERCEPT($D$2:$D$33,$C$2:$C$33) + SLOPE($D$2:$D$33,$C$2:$C$33)*C2 -> 2.1959571 | H2: =D2-G2 -> 8.6862671 | I2: =_xlfn.XLOOKUP(J2,$H$2:$H$33,B2:B33) -> CAR | J2: =LARGE($H$2:$H$33,1) -> 13.190461 | K2: =SMALL($H$2:$H$33,1) -> -15.425212 | L2: =_xlfn.XLOOKUP(K2,H2:H33,B2:B33) -> CHI
A3: Carolina Hurricanes | B3: CAR | C3: 3.6067767 | D3: 14.996207 | E3: CAR | G3: =INTERCEPT($D$2:$D$33,$C$2:$C$33) + SLOPE($D$2:$D$33,$C$2:$C$33)*C3 -> 1.8057451 | H3: =D3-G3 -> 13.190461 | I3: =_xlfn.XLOOKUP(J3,$H$2:$H$33,B3:B34) -> EDM | J3: =LARGE($H$2:$H$33,2) -> 9.7547735 | K3: =SMALL($H$2:$H$33,2) -> -9.4249228 | L3: =_xlfn.XLOOKUP(K3,H3:H34,B3:B34) -> BOS
A4: Dallas Stars* | B4: DAL | C4: 8.4835889 | D4: 8.0196907 | E4: DAL | G4: =INTERCEPT($D$2:$D$33,$C$2:$C$33) + SLOPE($D$2:$D$33,$C$2:$C$33)*C4 -> 4.2473378 | H4: =D4-G4 -> 3.7723528 | I4: =_xlfn.XLOOKUP(J4,$H$2:$H$33,B4:B35) -> WSH | J4: =LARGE($H$2:$H$33,3) -> 9.1951268 | K4: =SMALL($H$2:$H$33,3) -> -9.3186493 | L4: =_xlfn.XLOOKUP(K4,H4:H35,B4:B35) -> VAN
A5: Buffalo Sabres | B5: BUF | C5: 11.874138 | D5: 3.5315647 | E5: BUF | G5: =INTERCEPT($D$2:$D$33,$C$2:$C$33) + SLOPE($D$2:$D$33,$C$2:$C$33)*C5 -> 5.9448279 | H5: =D5-G5 -> -2.4132631 | I5: =_xlfn.XLOOKUP(J5,$H$2:$H$33,B5:B36) -> BUF | J5: =LARGE($H$2:$H$33,4) -> 8.6862671 | K5: =SMALL($H$2:$H$33,4) -> -9.0154657 | L5: =_xlfn.XLOOKUP(K5,H5:H36,B5:B36) -> SEA
A6: Montreal Canadiens | B6: MTL | C6: 9.5320808 | D6: 4.9218017 | G6: =INTERCEPT($D$2:$D$33,$C$2:$C$33) + SLOPE($D$2:$D$33,$C$2:$C$33)*C6 -> 4.7722689 | H6: =D6-G6 -> 0.14953286 | I6: =_xlfn.XLOOKUP(J6,$H$2:$H$33,B6:B37) -> NJD | J6: =LARGE($H$2:$H$33,5) -> 7.2595164 | K6: =SMALL($H$2:$H$33,5) -> -7.4380497 | L6: =_xlfn.XLOOKUP(K6,H6:H37,B6:B37) -> TOR
A7: Tampa Bay Lightning | B7: TBL | C7: 4.156983 | D7: 4.6363136 | G7: =INTERCEPT($D$2:$D$33,$C$2:$C$33) + SLOPE($D$2:$D$33,$C$2:$C$33)*C7 -> 2.0812078 | H7: =D7-G7 -> 2.5551058
A8: Minnesota Wild* | B8: MIN | C8: 8.6290751 | D8: 4.9740441 | G8: =INTERCEPT($D$2:$D$33,$C$2:$C$33) + SLOPE($D$2:$D$33,$C$2:$C$33)*C8 -> 4.320176 | H8: =D8-G8 -> 0.6538681
A9: Boston Bruins | B9: BOS | C9: 10.111899 | D9: -4.3623662 | G9: =INTERCEPT($D$2:$D$33,$C$2:$C$33) + SLOPE($D$2:$D$33,$C$2:$C$33)*C9 -> 5.0625566 | H9: =D9-G9 -> -9.4249228
A10: Pittsburgh Penguins | B10: PIT | C10: -0.24687984 | D10: 2.6882919 | G10: =INTERCEPT($D$2:$D$33,$C$2:$C$33) + SLOPE($D$2:$D$33,$C$2:$C$33)*C10 -> -0.12360124 | H10: =D10-G10 -> 2.8118931
A11: Ottawa Senators | B11: OTT | C11: -4.9807775 | D11: 6.7014835 | E11: OTT | G11: =INTERCEPT($D$2:$D$33,$C$2:$C$33) + SLOPE($D$2:$D$33,$C$2:$C$33)*C11 -> -2.4936433 | H11: =D11-G11 -> 9.1951268
A12: Philadelphia Flyers | B12: PHI | C12: -1.2018169 | D12: 3.0985817 | G12: =INTERCEPT($D$2:$D$33,$C$2:$C$33) + SLOPE($D$2:$D$33,$C$2:$C$33)*C12 -> -0.60169374 | H12: =D12-G12 -> 3.7002754
A13: Washington Capitals | B13: WSH | C13: 0.041954865 | D13: -3.3726573 | G13: =INTERCEPT($D$2:$D$33,$C$2:$C$33) + SLOPE($D$2:$D$33,$C$2:$C$33)*C13 -> 0.021004847 | H13: =D13-G13 -> -3.3936622
A14: Columbus Blue Jackets | B14: CBJ | C14: -0.17349652 | D14: -0.9626316 | G14: =INTERCEPT($D$2:$D$33,$C$2:$C$33) + SLOPE($D$2:$D$33,$C$2:$C$33)*C14 -> -0.086861624 | H14: =D14-G14 -> -0.87576998
A15: New York Islanders | B15: NYI | C15: 3.1921611 | D15: -0.33571894 | G15: =INTERCEPT($D$2:$D$33,$C$2:$C$33) + SLOPE($D$2:$D$33,$C$2:$C$33)*C15 -> 1.5981664 | H15: =D15-G15 -> -1.9338853
A16: Detroit Red Wings | B16: DET | C16: 1.0801493 | D16: 3.5869716 | G16: =INTERCEPT($D$2:$D$33,$C$2:$C$33) + SLOPE($D$2:$D$33,$C$2:$C$33)*C16 -> 0.54078046 | H16: =D16-G16 -> 3.0461912
A17: Vegas Golden Knights | B17: VGK | C17: -7.0915088 | D17: 6.2043853 | E17: VGK | G17: =INTERCEPT($D$2:$D$33,$C$2:$C$33) + SLOPE($D$2:$D$33,$C$2:$C$33)*C17 -> -3.5503882 | H17: =D17-G17 -> 9.7547735
A18: Edmonton Oilers | B18: EDM | C18: -3.8940912 | D18: 5.3099263 | G18: =INTERCEPT($D$2:$D$33,$C$2:$C$33) + SLOPE($D$2:$D$33,$C$2:$C$33)*C18 -> -1.9495901 | H18: =D18-G18 -> 7.2595164
A19: Anaheim Ducks | B19: ANA | C19: -0.9138394 | D19: 3.6086074 | G19: =INTERCEPT($D$2:$D$33,$C$2:$C$33) + SLOPE($D$2:$D$33,$C$2:$C$33)*C19 -> -0.45751682 | H19: =D19-G19 -> 4.0661242
A20: Utah Mammoth | B20: UTA | C20: -5.9370057 | D20: 0.48406982 | G20: =INTERCEPT($D$2:$D$33,$C$2:$C$33) + SLOPE($D$2:$D$33,$C$2:$C$33)*C20 -> -2.9723822 | H20: =D20-G20 -> 3.4564521
A21: Los Angeles Kings | B21: LAK | C21: -2.7387309 | D21: -1.5829485 | E21: LAK | G21: =INTERCEPT($D$2:$D$33,$C$2:$C$33) + SLOPE($D$2:$D$33,$C$2:$C$33)*C21 -> -1.371155 | H21: =D21-G21 -> -0.21179346
A22: New Jersey Devils | B22: NJD | C22: -2.2159878 | D22: 4.2149391 | G22: =INTERCEPT($D$2:$D$33,$C$2:$C$33) + SLOPE($D$2:$D$33,$C$2:$C$33)*C22 -> -1.1094419 | H22: =D22-G22 -> 5.324381
A23: Nashville Predators | B23: NSH | C23: 1.032504 | D23: -0.44548198 | G23: =INTERCEPT($D$2:$D$33,$C$2:$C$33) + SLOPE($D$2:$D$33,$C$2:$C$33)*C23 -> 0.51692667 | H23: =D23-G23 -> -0.96240864
A24: Winnipeg Jets | B24: WPG | C24: -2.7662048 | D24: -3.9977244 | G24: =INTERCEPT($D$2:$D$33,$C$2:$C$33) + SLOPE($D$2:$D$33,$C$2:$C$33)*C24 -> -1.3849099 | H24: =D24-G24 -> -2.6128145
A25: San Jose Sharks | B25: SJS | C25: -0.89153028 | D25: -2.3291231 | G25: =INTERCEPT($D$2:$D$33,$C$2:$C$33) + SLOPE($D$2:$D$33,$C$2:$C$33)*C25 -> -0.44634769 | H25: =D25-G25 -> -1.8827755
A26: Florida Panthers | B26: FLA | C26: -5.1709249 | D26: -2.7731868 | G26: =INTERCEPT($D$2:$D$33,$C$2:$C$33) + SLOPE($D$2:$D$33,$C$2:$C$33)*C26 -> -2.5888412 | H26: =D26-G26 -> -0.18434555
A27: St. Louis Blues | B27: STL | C27: -5.1958164 | D27: -3.547329 | G27: =INTERCEPT($D$2:$D$33,$C$2:$C$33) + SLOPE($D$2:$D$33,$C$2:$C$33)*C27 -> -2.6013032 | H27: =D27-G27 -> -0.94602572
A28: Seattle Kraken | B28: SEA | C28: -1.1571986 | D28: -9.5948212 | E28: SEA | G28: =INTERCEPT($D$2:$D$33,$C$2:$C$33) + SLOPE($D$2:$D$33,$C$2:$C$33)*C28 -> -0.57935546 | H28: =D28-G28 -> -9.0154657
A29: Toronto Maple Leafs | B29: TOR | C29: 0.64708744 | D29: -7.1140832 | G29: =INTERCEPT($D$2:$D$33,$C$2:$C$33) + SLOPE($D$2:$D$33,$C$2:$C$33)*C29 -> 0.32396654 | H29: =D29-G29 -> -7.4380497
A30: Calgary Flames | B30: CGY | C30: -4.4735072 | D30: -7.4763527 | E30: CGY | G30: =INTERCEPT($D$2:$D$33,$C$2:$C$33) + SLOPE($D$2:$D$33,$C$2:$C$33)*C30 -> -2.2396767 | H30: =D30-G30 -> -5.2366759
A31: New York Rangers | B31: NYR | C31: -7.5498962 | D31: -10.126484 | E31: NYR | G31: =INTERCEPT($D$2:$D$33,$C$2:$C$33) + SLOPE($D$2:$D$33,$C$2:$C$33)*C31 -> -3.7798814 | H31: =D31-G31 -> -6.3466026
A32: Chicago Blackhawks | B32: CHI | C32: 1.6796939 | D32: -14.584267 | E32: CHI | G32: =INTERCEPT($D$2:$D$33,$C$2:$C$33) + SLOPE($D$2:$D$33,$C$2:$C$33)*C32 -> 0.8409445 | H32: =D32-G32 -> -15.425212
A33: Vancouver Canucks | B33: VAN | C33: -11.855061 | D33: -15.253926 | E33: VAN | G33: =INTERCEPT($D$2:$D$33,$C$2:$C$33) + SLOPE($D$2:$D$33,$C$2:$C$33)*C33 -> -5.9352768 | H33: =D33-G33 -> -9.3186493
